-- phpMyAdmin SQL Dump
-- version 4.1.14
-- http://www.phpmyadmin.net
--
-- Servidor: 127.0.0.1
-- Tiempo de generación: 15-03-2016 a las 00:43:15
-- Versión del servidor: 5.6.17
-- Versión de PHP: 5.5.12

SET SQL_MODE = "NO_AUTO_VALUE_ON_ZERO";
SET time_zone = "+00:00";


/*!40101 SET @OLD_CHARACTER_SET_CLIENT=@@CHARACTER_SET_CLIENT */;
/*!40101 SET @OLD_CHARACTER_SET_RESULTS=@@CHARACTER_SET_RESULTS */;
/*!40101 SET @OLD_COLLATION_CONNECTION=@@COLLATION_CONNECTION */;
/*!40101 SET NAMES utf8 */;

--
-- Base de datos: `completa1`
--

-- --------------------------------------------------------

--
-- Estructura de tabla para la tabla `backupservicios`
--

CREATE TABLE IF NOT EXISTS `backupservicios` (
  `codigo` int(11) NOT NULL AUTO_INCREMENT,
  `fecha` timestamp NOT NULL DEFAULT CURRENT_TIMESTAMP ON UPDATE CURRENT_TIMESTAMP,
  `valor` float NOT NULL,
  `id_servicios` int(11) NOT NULL,
  PRIMARY KEY (`codigo`)
) ENGINE=InnoDB DEFAULT CHARSET=latin1 AUTO_INCREMENT=1 ;

-- --------------------------------------------------------

--
-- Estructura de tabla para la tabla `cambiousuario`
--

CREATE TABLE IF NOT EXISTS `cambiousuario` (
  `id` int(11) NOT NULL AUTO_INCREMENT,
  `documento` int(11) NOT NULL,
  `inmueble` int(11) NOT NULL,
  `fecha` timestamp NOT NULL DEFAULT CURRENT_TIMESTAMP,
  PRIMARY KEY (`id`)
) ENGINE=InnoDB DEFAULT CHARSET=utf8 COLLATE=utf8_spanish_ci AUTO_INCREMENT=1 ;

-- --------------------------------------------------------

--
-- Estructura de tabla para la tabla `cliente`
--

CREATE TABLE IF NOT EXISTS `cliente` (
  `id_cliente` int(11) NOT NULL AUTO_INCREMENT,
  `documento` varchar(20) NOT NULL,
  `tipo_documento` varchar(5) NOT NULL,
  `genero` varchar(1) NOT NULL,
  `telefono` bigint(20) NOT NULL,
  `Nombre` varchar(50) NOT NULL,
  PRIMARY KEY (`documento`),
  UNIQUE KEY `id_cliente` (`id_cliente`)
) ENGINE=InnoDB  DEFAULT CHARSET=latin1 AUTO_INCREMENT=195 ;

--
-- Volcado de datos para la tabla `cliente`
--

INSERT INTO `cliente` (`id_cliente`, `documento`, `tipo_documento`, `genero`, `telefono`, `Nombre`) VALUES
(1, '1', 'CC', 'M', 0, 'AGUSTIN FAJARDO'),
(10, '10', 'CC', 'M', 3125541901, 'ALFONSO ZAMORA'),
(99, '100', 'CC', 'M', 2492310, 'JENARO TRUJILLO- STELLA DE TRUJILLO'),
(100, '101', 'CC', 'M', 0, 'JESMAN SANCHEZ'),
(101, '102', 'CC', 'M', 3217657292, 'JORGE ARCINIEGAS LASTRA'),
(102, '103', 'CC', 'M', 3505522412, 'JORGE GONZALEZ'),
(103, '104', 'CC', 'M', 0, 'JORGE HUMBERTO VILLALOBOS'),
(104, '105', 'CC', 'M', 0, 'JORGE ROJAS'),
(105, '106', 'CC', 'M', 3156486281, 'JOSE ANTONIO SANJUAN'),
(106, '107', 'CC', 'M', 0, 'JOSE HERNANDEZ'),
(107, '108', 'CC', 'M', 0, 'JOSE ORDO?EZ'),
(108, '109', 'CC', 'M', 0, 'JOSE RAMON OSPINA'),
(11, '11', 'CC', 'M', 3006037404, 'ALONSO VARON'),
(109, '110', 'CC', 'M', 0, 'JOSE TULIO PIRAQUIVE MORA'),
(110, '111', 'CC', 'M', 0, 'JUAN CARLOS ROMERO'),
(111, '112', 'CC', 'M', 0, 'JULIAN VALDERREMA'),
(112, '113', 'CC', 'M', 0, 'JULIO DUARTE'),
(113, '114', 'CC', 'M', 0, 'JUSTINO PERALTA'),
(114, '115', 'CC', 'F', 0, 'LEIDY YULIANA SERNA'),
(115, '116', 'CC', 'M', 3188711305, 'LEONEL PINZON'),
(116, '117', 'CC', 'F', 3125541901, 'LILIA DE RIVERA'),
(117, '118', 'CC', 'F', 3008422373, 'LILIA GUTIERREZ'),
(118, '119', 'CC', 'M', 0, 'ZAPATICO'),
(12, '12', 'CC', 'M', 3168539514, 'ALVARO OSPINA'),
(119, '120', 'CC', 'M', 0, 'LOTE'),
(120, '121', 'CC', 'M', 0, 'LOTE PUESTO DE POLICIA'),
(121, '122', 'CC', 'F', 3138958285, 'LUCY MERCEDES RUBIO'),
(122, '123', 'CC', 'F', 3145179636, 'LUCYLA RODRIGUEZ DE ZOLANILLA'),
(123, '124', 'CC', 'M', 0, 'LUIS ALBERTO TRIANA'),
(124, '125', 'CC', 'M', 0, 'LUIS ALFREDO QUEBEDO'),
(125, '126', 'CC', 'M', 0, 'LUIS FERNANDO ESPINOSA'),
(126, '127', 'CC', 'M', 3214471771, 'LUIS VARON'),
(127, '128', 'CC', 'F', 0, 'LUZ MARINA ARCINIEGAS'),
(128, '129', 'CC', 'F', 0, 'LUZ MARINA CORTES'),
(13, '13', 'CC', 'M', 3118678350, 'ALVARO SANCHEZ'),
(129, '130', 'CC', 'F', 3153683767, 'LUZ MERY  TORRES'),
(130, '131', 'CC', 'F', 3112018596, 'MAGDALENA SANCHEZ'),
(131, '132', 'CC', 'M', 0, 'MANUEL CANIZALES'),
(132, '133', 'CC', 'M', 0, 'MARCOS AURELIO SANCHES'),
(133, '134', 'CC', 'M', 3168773890, 'MARCO TULIO GONGORA'),
(134, '135', 'CC', 'F', 3166993016, 'MARIA ELSA BEDOYA'),
(135, '136', 'CC', 'F', 0, 'MARIA ELVINIA BOHORQUES'),
(136, '137', 'CC', 'F', 0, 'MARIA EUGENIA SANCHEZ'),
(137, '138', 'CC', 'F', 0, 'MARIA MAGOLA LOAIZA'),
(138, '139', 'CC', 'F', 3213364347, 'MARIBEL CAVAJAL'),
(14, '14', 'CC', 'F', 0, 'AMIRA SANCHES ORTIS'),
(139, '140', 'CC', 'F', 3104773179, 'MARTHA YAMILE CIFUENTES'),
(140, '141', 'CC', 'F', 0, 'MATIAS BAGGET'),
(141, '142', 'CC', 'M', 0, 'HECTOR MARIN'),
(142, '143', 'CC', 'M', 0, 'RUBEN DARIO RODRIGUEZ'),
(143, '144', 'CC', 'M', 0, 'SAUL CORTES'),
(144, '145', 'CC', 'M', 0, 'VICTOR HUGO CERVERA'),
(145, '146', 'CC', 'F', 0, 'NANCY OLAYA'),
(146, '147', 'CC', 'M', 0, 'PAIDEA SCHOOL'),
(147, '148', 'CC', 'M', 0, 'JESUS ELIAS  ESPINOSA'),
(148, '149', 'CC', 'M', 0, 'RICARDO ORTIZ'),
(15, '15', 'CC', 'F', 3134865597, 'AMPARO OLAYA DE CAMPOS'),
(149, '150', 'CC', 'F', 0, 'OLGA RAQUEL VILLA'),
(150, '151', 'CC', 'F', 0, 'SALOME BONILLA'),
(151, '152', 'CC', 'M', 0, 'PRIMITIVO ARCINIEGAS'),
(152, '153', 'CC', 'M', 0, 'RAMIRO ARCINIEGAS'),
(153, '154', 'CC', 'M', 0, 'WILLIAM ORTIZ'),
(154, '155', 'CC', 'M', 0, 'OSCAR PENNA'),
(155, '156', 'CC', 'F', 0, 'NANCY MORENO'),
(156, '157', 'CC', 'M', 0, 'JOSE TIBERIO RIVERA'),
(157, '158', 'CC', 'M', 0, 'OVIDIO CARVAJAL'),
(158, '159', 'CC', 'F', 0, 'MIRIAM RINCON'),
(16, '16', 'CC', 'F', 3112593816, 'ANA IRMA RIVERA'),
(159, '160', 'CC', 'M', 0, 'PEDRO JOSE BONILLA'),
(160, '161', 'CC', 'M', 0, 'MIGUEL GARZON'),
(161, '162', 'CC', 'M', 0, 'YESID WILCHES'),
(162, '163', 'CC', 'M', 0, 'JUNIOR WILCHES'),
(163, '164', 'CC', 'M', 0, 'DANIEL LEON'),
(164, '165', 'CC', 'M', 0, 'RAMIRO MEJIA'),
(165, '166', 'CC', 'M', 0, 'ALONSO VARON'),
(166, '167', 'CC', 'M', 0, 'ARMANDO SANTA CRUZ'),
(167, '168', 'CC', 'M', 0, 'BRIGADIER TIRADO ALDANA'),
(168, '169', 'CC', 'M', 0, 'CRISTOBAL VERA'),
(17, '17', 'CC', 'F', 3165089892, 'ANA LUCIA CARVAJAL'),
(169, '170', 'CC', 'M', 0, 'CUSTODIO ESPINOSA'),
(170, '171', 'CC', 'M', 0, 'DANIEL SANCHES'),
(171, '172', 'CC', 'M', 0, 'FERNANDO ALARCON'),
(172, '173', 'CC', 'F', 0, 'GLORIA ANTURY'),
(173, '174', 'CC', 'F', 0, 'GLORIA ESPERANZA TOVAR ANTURY'),
(174, '175', 'CC', 'F', 0, 'HELENA PARRALES'),
(175, '176', 'CC', 'M', 0, 'INS EDU FERNANDO VILLALOBOS ARANGO ESCUELA'),
(176, '177', 'CC', 'M', 0, 'INSEDU FERNANDO VILLALOBOS COLEGIO '),
(177, '178', 'CC', 'M', 0, 'JESUS ELIAS ESPINOSA'),
(178, '179', 'CC', 'M', 0, 'JOSE JOAQUIN HERNANDES'),
(18, '18', 'CC', 'F', 0, 'ANA LUCIA DE MANCICENLI'),
(179, '180', 'CC', 'M', 0, 'JUSTINO SANCHEZ'),
(180, '181', 'CC', 'M', 0, 'MIGUEL ANGEL RIVERA RODRIGUES'),
(181, '182', 'CC', 'F', 0, 'MIRIAM AMPARO MAHECHA'),
(182, '183', 'CC', 'M', 0, 'NELLY LEONEL CRUZ'),
(183, '184', 'CC', 'M', 0, 'NELSON ALVARAN'),
(184, '185', 'CC', 'F', 0, 'NIDIA LILIANA QUIMBAYO'),
(185, '186', 'CC', 'F', 0, 'OLGA JANETH SANTOS'),
(186, '187', 'CC', 'M', 0, 'OMAR MENDES'),
(187, '188', 'CC', 'M', 0, 'OSCAR VALERO'),
(188, '189', 'CC', 'M', 0, 'PLINIO ROJAS'),
(19, '19', 'CC', 'F', 3115061056, 'ANA TULIA ALONSO RICO'),
(189, '190', 'CC', 'M', 0, 'RODRIGO PARRA ROZO'),
(190, '191', 'CC', 'M', 0, 'SANTO CURA DE ARS'),
(191, '192', 'CC', 'M', 0, 'SIGEFREDO CRUZ PRADA'),
(192, '193', 'CC', 'M', 0, 'TIBERIO RODRIGUEZ'),
(193, '194', 'CC', 'M', 0, 'UNIDAD DE SALUD (USI)'),
(194, '195', 'CC', 'M', 0, 'YOLANDA DE RIVERA'),
(2, '2', 'CC', 'F', 3143441252, 'AGUSTINA SANCHEZ'),
(20, '20', 'CC', 'M', 0, 'ANDRES BUITRAGO'),
(21, '21', 'CC', 'M', 0, 'ANDRES FELIPE NIETO'),
(22, '22', 'CC', 'M', 0, 'ANGEL ANTONIO GARCIA'),
(23, '23', 'CC', 'M', 3144193010, 'ANGEL MORALES'),
(24, '24', 'CC', 'M', 0, 'ANGELINA VARON'),
(25, '25', 'CC', 'M', 0, 'ARCENIO  CARVAJAL'),
(26, '26', 'CC', 'M', 0, 'ARGENIS PARRALES'),
(27, '27', 'CC', 'M', 0, 'ARMANDO SANTA CRUZ'),
(28, '28', 'CC', 'M', 3003919726, 'ARNULFO AVILA OSPINA'),
(29, '29', 'CC', 'M', 0, 'BERNARDO LOPEZ'),
(3, '3', 'CC', 'M', 2611522, 'ALBERTO PERDOMO'),
(30, '30', 'CC', 'M', 3142776929, 'BERNARDO MORA'),
(31, '31', 'CC', 'M', 0, 'GUSTAVO ANDRES TIRADO ALDANA'),
(32, '32', 'CC', 'M', 0, 'CARLOS ANDRADE MATTA'),
(33, '33', 'CC', 'M', 3112620306, 'CARLOS ANDRES JIMENES'),
(34, '34', 'CC', 'M', 0, 'CARLOS ARTURO ROCHA'),
(35, '35', 'CC', 'M', 3183120768, 'CARLOS ARTURO SANCHEZ'),
(36, '36', 'CC', 'M', 0, 'CARLOS BRI?EZ'),
(37, '37', 'CC', 'M', 3195716460, 'CARLOS HUMBERTO MORENO'),
(38, '38', 'CC', 'M', 3123315920, 'CARLOS MANUEL ARBOLEDA'),
(39, '39', 'CC', 'F', 3138993251, 'CARMENZA BONILLA'),
(4, '4', 'CC', 'M', 0, 'ALEJANDRO RUIZ'),
(40, '40', 'CC', 'F', 3115692846, 'CARMENZA RIVERA'),
(41, '41', 'CC', 'F', 0, 'CAROLINA GARCIA'),
(42, '42', 'CC', 'F', 3115777651, 'CECILA TRIANA'),
(43, '43', 'CC', 'F', 3202186601, 'CELIA FLORES'),
(44, '44', 'CC', 'M', 0, 'CEMENTERIO TOTUMO'),
(45, '45', 'CC', 'M', 0, 'CRISTOBAL VERA'),
(46, '46', 'CC', 'M', 0, 'CUSTODIO ESPINOSA'),
(47, '47', 'CC', 'M', 0, 'DANIEL SANCHEZ'),
(48, '48', 'CC', 'M', 0, 'DANILO YOSA'),
(49, '49', 'CC', 'M', 3188016856, 'DAVID ROBERTO LOZANO'),
(5, '5', 'CC', 'M', 0, 'ALEXANDER CARVAJAL'),
(50, '50', 'CC', 'F', 0, 'DIANA MARCELA BONILLA'),
(51, '51', 'CC', 'M', 0, 'DIEGO FERNANDO PE?UELA'),
(52, '52', 'CC', 'F', 0, 'DORA DE OSPINA'),
(53, '53', 'CC', 'M', 3108515906, 'EDGAR ARCINIEGAS'),
(54, '54', 'CC', 'M', 0, 'EDUARDO GARZON'),
(55, '55', 'CC', 'F', 3208622510, 'ELENA PARRALES DEVIA'),
(56, '56', 'CC', 'M', 0, 'ELIAS VARON'),
(57, '57', 'CC', 'F', 0, 'ELICENIA VARON'),
(58, '58', 'CC', 'F', 320, 'ELIZABETH PARRA'),
(59, '59', 'CC', 'F', 0, 'ELIZABETH SANCHEZ'),
(6, '6', 'CC', 'M', 3123315920, 'ALEXANDER RIVERRA CUELLAR'),
(60, '60', 'CC', 'M', 0, 'ESCUELA RURAL MIXTA EL TOTUMO'),
(61, '61', 'CC', 'F', 3125541901, 'ESPERANZA  PI?EROS'),
(62, '62', 'CC', 'M', 0, 'FABER CHAVARRO'),
(63, '63', 'CC', 'M', 3156003319, 'FABIAN RAMIRO ARCINIEGAS'),
(64, '64', 'CC', 'M', 0, 'FABIO GUZMAN'),
(65, '65', 'CC', 'F', 0, 'FANNY LOZANO'),
(66, '66', 'CC', 'M', 0, 'FENIVAR  OLAYA'),
(67, '67', 'CC', 'M', 3168724025, 'FERNANDO ALARCON'),
(68, '68', 'CC', 'M', 3115893408, 'FERNEY SEGOVIA CRUZ'),
(69, '69', 'CC', 'F', 0, 'FLOR ISMELDA  SIERRA'),
(7, '7', 'CC', 'M', 0, 'ALFONSO GOMEZ'),
(70, '70', 'CC', 'M', 3112301283, 'FRANCISCO RODRIGUEZ'),
(71, '71', 'CC', 'M', 3215189420, 'FUNDACION GRUPO DE APOYO'),
(72, '72', 'CC', 'M', 0, 'GERMAN VARON'),
(73, '73', 'CC', 'F', 0, 'GINA GIIRALDO'),
(74, '74', 'CC', 'M', 3203422227, 'GIOVANA PINZON'),
(75, '75', 'CC', 'F', 0, 'GLADIS GIRALDO'),
(76, '76', 'CC', 'F', 3133928930, 'GLADIS MORENO'),
(77, '77', 'CC', 'F', 0, 'GLORIA ANTURI'),
(78, '78', 'CC', 'F', 3206487476, 'GLORIA PARRALES'),
(79, '79', 'CC', 'F', 0, 'GLORIA VARON'),
(8, '8', 'CC', 'M', 0, 'ALFONSO LOPERA'),
(80, '80', 'CC', 'M', 3133552903, 'GRATINIANO VARON'),
(81, '81', 'CC', 'M', 3203351007, 'GUILLERMO CRUZ'),
(82, '82', 'CC', 'M', 3214928400, 'GUSTAVO ADOLFO LEAL'),
(83, '83', 'CC', 'M', 3133602706, 'GUSTAVO CRUZ PRADA'),
(84, '84', 'CC', 'M', 0, 'HAROLD SEGURA'),
(85, '85', 'CC', 'M', 3104773179, 'HENRY LEAL CORTEZ'),
(86, '86', 'CC', 'M', 3115473002, 'HERIBERTO CARVAJAL'),
(87, '87', 'CC', 'M', 3158729909, 'HERMINSON  VARON'),
(88, '88', 'CC', 'M', 0, 'HERNAN OSPINA'),
(89, '89', 'CC', 'M', 0, 'HERNANDO LONDO?O'),
(9, '9', 'CC', 'M', 3103030597, 'ALFONSO PINEDA'),
(90, '90', 'CC', 'M', 3138218956, 'HIPOLITO RIVERA'),
(91, '91', 'CC', 'M', 0, 'HONORIO OSPINA'),
(92, '93', 'CC', 'M', 0, 'HUGO ARNULFO'),
(93, '94', 'CC', 'M', 3107552725, 'IGLESIA PENTECOSTAL'),
(94, '95', 'CC', 'M', 0, 'INS EDU FERNANDO VILLALOBOS ARANGO'),
(95, '96', 'CC', 'F', 3138043234, 'ISMELDA ESCOBAR DE OSORIO'),
(96, '97', 'CC', 'F', 3202875995, 'JAIDITH RIVERA'),
(97, '98', 'CC', 'M', 3156003319, 'JAIME FERNANDO HERNANDES'),
(98, '99', 'CC', 'M', 3134184803, 'JAIRO SANCHEZ');

-- --------------------------------------------------------

--
-- Estructura de tabla para la tabla `deudor`
--

CREATE TABLE IF NOT EXISTS `deudor` (
  `iddeuda` int(11) NOT NULL AUTO_INCREMENT,
  `interes_mora` float DEFAULT NULL,
  `codigo_factura` int(11) DEFAULT NULL,
  `fecha_pago` date NOT NULL,
  `estado` varchar(3) NOT NULL,
  `tipo` varchar(10) NOT NULL,
  PRIMARY KEY (`iddeuda`)
) ENGINE=InnoDB DEFAULT CHARSET=latin1 AUTO_INCREMENT=1 ;

-- --------------------------------------------------------

--
-- Estructura de tabla para la tabla `factura`
--

CREATE TABLE IF NOT EXISTS `factura` (
  `codigo_factura` int(11) NOT NULL AUTO_INCREMENT,
  `periodo_facturacion_inicial` date NOT NULL,
  `periodo_facturacion_final` date NOT NULL,
  `fecha_de_pago` date NOT NULL,
  `fecha_suspencion` date NOT NULL,
  `codigo_inmueble` int(11) NOT NULL,
  `acueducto` int(5) NOT NULL,
  `alcantarillado` int(5) NOT NULL,
  `reconexion` int(5) DEFAULT NULL,
  `codigo_recone` int(11) DEFAULT NULL,
  `iva_acueducto` float NOT NULL,
  `Iva_alcantarillado` float NOT NULL,
  `deuda_factura` float NOT NULL,
  `total_a_pagar` float NOT NULL,
  `otros_conceptos` int(11) DEFAULT NULL,
  `codigo_financiacion` int(11) NOT NULL,
  `codigo_financiacion_deuda` int(11) NOT NULL,
  `nota` varchar(500) NOT NULL,
  `estado` varchar(10) NOT NULL DEFAULT 'Activo',
  PRIMARY KEY (`codigo_factura`),
  KEY `codigo_inmueble` (`codigo_inmueble`),
  KEY `codigo_financiacion` (`codigo_financiacion`),
  KEY `reconeccion` (`reconexion`)
) ENGINE=InnoDB  DEFAULT CHARSET=latin1 AUTO_INCREMENT=139 ;

--
-- Volcado de datos para la tabla `factura`
--

INSERT INTO `factura` (`codigo_factura`, `periodo_facturacion_inicial`, `periodo_facturacion_final`, `fecha_de_pago`, `fecha_suspencion`, `codigo_inmueble`, `acueducto`, `alcantarillado`, `reconexion`, `codigo_recone`, `iva_acueducto`, `Iva_alcantarillado`, `deuda_factura`, `total_a_pagar`, `otros_conceptos`, `codigo_financiacion`, `codigo_financiacion_deuda`, `nota`, `estado`) VALUES
(1, '2015-12-01', '2015-12-30', '2016-01-10', '2016-01-20', 2, 0, 0, 0, 0, 0, 0, 0, 180000, 0, 0, 0, 'Esta Factura contiene el total de la deuda de las vigencias anteriores, Recuerde se?or suscriptor que el pago oportuno ayuda a que nuestro acueducto sea cada ves mejor', 'Activo'),
(2, '2015-12-01', '2015-12-30', '2016-01-10', '2016-01-20', 3, 0, 0, 0, 0, 0, 0, 0, 10000, 0, 0, 0, 'Esta Factura contiene el total de la deuda de las vigencias anteriores, Recuerde se?or suscriptor que el pago oportuno ayuda a que nuestro acueducto sea cada ves mejor', 'Activo'),
(3, '2015-12-01', '2015-12-30', '2016-01-10', '2016-01-20', 5, 0, 0, 0, 0, 0, 0, 0, 120000, 0, 0, 0, 'Esta Factura contiene el total de la deuda de las vigencias anteriores, Recuerde se?or suscriptor que el pago oportuno ayuda a que nuestro acueducto sea cada ves mejor', 'Activo'),
(4, '2015-12-01', '2015-12-30', '2016-01-10', '2016-01-20', 9, 0, 0, 0, 0, 0, 0, 0, 30000, 0, 0, 0, 'Esta Factura contiene el total de la deuda de las vigencias anteriores, Recuerde se?or suscriptor que el pago oportuno ayuda a que nuestro acueducto sea cada ves mejor', 'Activo'),
(5, '2015-12-01', '2015-12-30', '2016-01-10', '2016-01-20', 10, 0, 0, 0, 0, 0, 0, 0, 30000, 0, 0, 0, 'Esta Factura contiene el total de la deuda de las vigencias anteriores, Recuerde se?or suscriptor que el pago oportuno ayuda a que nuestro acueducto sea cada ves mejor', 'Activo'),
(6, '2015-12-01', '2015-12-30', '2016-01-10', '2016-01-20', 12, 0, 0, 0, 0, 0, 0, 0, 30000, 0, 0, 0, 'Esta Factura contiene el total de la deuda de las vigencias anteriores, Recuerde se?or suscriptor que el pago oportuno ayuda a que nuestro acueducto sea cada ves mejor', 'Activo'),
(7, '2015-12-01', '2015-12-30', '2016-01-10', '2016-01-20', 11, 0, 0, 0, 0, 0, 0, 0, 120000, 0, 0, 0, 'Esta Factura contiene el total de la deuda de las vigencias anteriores, Recuerde se?or suscriptor que el pago oportuno ayuda a que nuestro acueducto sea cada ves mejor', 'Activo'),
(8, '2015-12-01', '2015-12-30', '2016-01-10', '2016-01-20', 13, 0, 0, 0, 0, 0, 0, 0, 60000, 0, 0, 0, 'Esta Factura contiene el total de la deuda de las vigencias anteriores, Recuerde se?or suscriptor que el pago oportuno ayuda a que nuestro acueducto sea cada ves mejor', 'Activo'),
(9, '2015-12-01', '2015-12-30', '2016-01-10', '2016-01-20', 468, 0, 0, 0, 0, 0, 0, 0, 1220000, 0, 0, 0, 'Esta Factura contiene el total de la deuda de las vigencias anteriores, Recuerde se?or suscriptor que el pago oportuno ayuda a que nuestro acueducto sea cada ves mejor', 'Activo'),
(10, '2015-12-01', '2015-12-30', '2016-01-10', '2016-01-20', 16, 0, 0, 0, 0, 0, 0, 0, 0, 0, 0, 0, 'Esta Factura contiene el total de la deuda de las vigencias anteriores, Recuerde se?or suscriptor que el pago oportuno ayuda a que nuestro acueducto sea cada ves mejor', 'Activo'),
(11, '2015-12-01', '2015-12-30', '2016-01-10', '2016-01-20', 17, 0, 0, 0, 0, 0, 0, 0, 0, 0, 0, 0, 'Esta Factura contiene el total de la deuda de las vigencias anteriores, Recuerde se?or suscriptor que el pago oportuno ayuda a que nuestro acueducto sea cada ves mejor', 'Activo'),
(12, '2015-12-01', '2015-12-30', '2016-01-10', '2016-01-20', 18, 0, 0, 0, 0, 0, 0, 0, 0, 0, 0, 0, 'Esta Factura contiene el total de la deuda de las vigencias anteriores, Recuerde se?or suscriptor que el pago oportuno ayuda a que nuestro acueducto sea cada ves mejor', 'Activo'),
(13, '2015-12-01', '2015-12-30', '2016-01-10', '2016-01-20', 21, 0, 0, 0, 0, 0, 0, 0, 60000, 0, 0, 0, 'Esta Factura contiene el total de la deuda de las vigencias anteriores, Recuerde se?or suscriptor que el pago oportuno ayuda a que nuestro acueducto sea cada ves mejor', 'Activo'),
(14, '2015-12-01', '2015-12-30', '2016-01-10', '2016-01-20', 23, 0, 0, 0, 0, 0, 0, 0, 60000, 0, 0, 0, 'Esta Factura contiene el total de la deuda de las vigencias anteriores, Recuerde se?or suscriptor que el pago oportuno ayuda a que nuestro acueducto sea cada ves mejor', 'Activo'),
(15, '2015-12-01', '2015-12-30', '2016-01-10', '2016-01-20', 25, 0, 0, 0, 0, 0, 0, 0, 60000, 0, 0, 0, 'Esta Factura contiene el total de la deuda de las vigencias anteriores, Recuerde se?or suscriptor que el pago oportuno ayuda a que nuestro acueducto sea cada ves mejor', 'Activo'),
(16, '2015-12-01', '2015-12-30', '2016-01-10', '2016-01-20', 26, 0, 0, 0, 0, 0, 0, 0, 120000, 0, 0, 0, 'Esta Factura contiene el total de la deuda de las vigencias anteriores, Recuerde se?or suscriptor que el pago oportuno ayuda a que nuestro acueducto sea cada ves mejor', 'Activo'),
(17, '2015-12-01', '2015-12-30', '2016-01-10', '2016-01-20', 27, 0, 0, 0, 0, 0, 0, 0, 60000, 0, 0, 0, 'Esta Factura contiene el total de la deuda de las vigencias anteriores, Recuerde se?or suscriptor que el pago oportuno ayuda a que nuestro acueducto sea cada ves mejor', 'Activo'),
(18, '2015-12-01', '2015-12-30', '2016-01-10', '2016-01-20', 34, 0, 0, 0, 0, 0, 0, 0, 360000, 0, 0, 0, 'Esta Factura contiene el total de la deuda de las vigencias anteriores, Recuerde se?or suscriptor que el pago oportuno ayuda a que nuestro acueducto sea cada ves mejor', 'Activo'),
(19, '2015-12-01', '2015-12-30', '2016-01-10', '2016-01-20', 38, 0, 0, 0, 0, 0, 0, 0, 20000, 0, 0, 0, 'Esta Factura contiene el total de la deuda de las vigencias anteriores, Recuerde se?or suscriptor que el pago oportuno ayuda a que nuestro acueducto sea cada ves mejor', 'Activo'),
(20, '2015-12-01', '2015-12-30', '2016-01-10', '2016-01-20', 490, 0, 0, 0, 0, 0, 0, 0, 480000, 0, 0, 0, 'Esta Factura contiene el total de la deuda de las vigencias anteriores, Recuerde se?or suscriptor que el pago oportuno ayuda a que nuestro acueducto sea cada ves mejor', 'Activo'),
(21, '2015-12-01', '2015-12-30', '2016-01-10', '2016-01-20', 41, 0, 0, 0, 0, 0, 0, 0, 0, 0, 0, 0, 'Esta Factura contiene el total de la deuda de las vigencias anteriores, Recuerde se?or suscriptor que el pago oportuno ayuda a que nuestro acueducto sea cada ves mejor', 'Activo'),
(22, '2015-12-01', '2015-12-30', '2016-01-10', '2016-01-20', 45, 0, 0, 0, 0, 0, 0, 0, 55000, 0, 0, 0, 'Esta Factura contiene el total de la deuda de las vigencias anteriores, Recuerde se?or suscriptor que el pago oportuno ayuda a que nuestro acueducto sea cada ves mejor', 'Activo'),
(23, '2015-12-01', '2015-12-30', '2016-01-10', '2016-01-20', 46, 0, 0, 0, 0, 0, 0, 0, 240000, 0, 0, 0, 'Esta Factura contiene el total de la deuda de las vigencias anteriores, Recuerde se?or suscriptor que el pago oportuno ayuda a que nuestro acueducto sea cada ves mejor', 'Activo'),
(24, '2015-12-01', '2015-12-30', '2016-01-10', '2016-01-20', 48, 0, 0, 0, 0, 0, 0, 0, 60000, 0, 0, 0, 'Esta Factura contiene el total de la deuda de las vigencias anteriores, Recuerde se?or suscriptor que el pago oportuno ayuda a que nuestro acueducto sea cada ves mejor', 'Activo'),
(25, '2015-12-01', '2015-12-30', '2016-01-10', '2016-01-20', 49, 0, 0, 0, 0, 0, 0, 0, 0, 0, 0, 0, 'Esta Factura contiene el total de la deuda de las vigencias anteriores, Recuerde se?or suscriptor que el pago oportuno ayuda a que nuestro acueducto sea cada ves mejor', 'Activo'),
(26, '2015-12-01', '2015-12-30', '2016-01-10', '2016-01-20', 50, 0, 0, 0, 0, 0, 0, 0, 360000, 0, 0, 0, 'Esta Factura contiene el total de la deuda de las vigencias anteriores, Recuerde se?or suscriptor que el pago oportuno ayuda a que nuestro acueducto sea cada ves mejor', 'Activo'),
(27, '2015-12-01', '2015-12-30', '2016-01-10', '2016-01-20', 52, 0, 0, 0, 0, 0, 0, 0, 30000, 0, 0, 0, 'Esta Factura contiene el total de la deuda de las vigencias anteriores, Recuerde se?or suscriptor que el pago oportuno ayuda a que nuestro acueducto sea cada ves mejor', 'Activo'),
(28, '2015-12-01', '2015-12-30', '2016-01-10', '2016-01-20', 55, 0, 0, 0, 0, 0, 0, 0, 360000, 0, 0, 0, 'Esta Factura contiene el total de la deuda de las vigencias anteriores, Recuerde se?or suscriptor que el pago oportuno ayuda a que nuestro acueducto sea cada ves mejor', 'Activo'),
(29, '2015-12-01', '2015-12-30', '2016-01-10', '2016-01-20', 56, 0, 0, 0, 0, 0, 0, 0, 240000, 0, 0, 0, 'Esta Factura contiene el total de la deuda de las vigencias anteriores, Recuerde se?or suscriptor que el pago oportuno ayuda a que nuestro acueducto sea cada ves mejor', 'Activo'),
(30, '2015-12-01', '2015-12-30', '2016-01-10', '2016-01-20', 58, 0, 0, 0, 0, 0, 0, 0, 360000, 0, 0, 0, 'Esta Factura contiene el total de la deuda de las vigencias anteriores, Recuerde se?or suscriptor que el pago oportuno ayuda a que nuestro acueducto sea cada ves mejor', 'Activo'),
(31, '2015-12-01', '2015-12-30', '2016-01-10', '2016-01-20', 59, 0, 0, 0, 0, 0, 0, 0, 240000, 0, 0, 0, 'Esta Factura contiene el total de la deuda de las vigencias anteriores, Recuerde se?or suscriptor que el pago oportuno ayuda a que nuestro acueducto sea cada ves mejor', 'Activo'),
(32, '2015-12-01', '2015-12-30', '2016-01-10', '2016-01-20', 459, 0, 0, 0, 0, 0, 0, 0, 40000, 0, 0, 0, 'Esta Factura contiene el total de la deuda de las vigencias anteriores, Recuerde se?or suscriptor que el pago oportuno ayuda a que nuestro acueducto sea cada ves mejor', 'Activo'),
(33, '2015-12-01', '2015-12-30', '2016-01-10', '2016-01-20', 479, 0, 0, 0, 0, 0, 0, 0, 30000, 0, 0, 0, 'Esta Factura contiene el total de la deuda de las vigencias anteriores, Recuerde se?or suscriptor que el pago oportuno ayuda a que nuestro acueducto sea cada ves mejor', 'Activo'),
(34, '2015-12-01', '2015-12-30', '2016-01-10', '2016-01-20', 463, 0, 0, 0, 0, 0, 0, 0, 60000, 0, 0, 0, 'Esta Factura contiene el total de la deuda de las vigencias anteriores, Recuerde se?or suscriptor que el pago oportuno ayuda a que nuestro acueducto sea cada ves mejor', 'Activo'),
(35, '2015-12-01', '2015-12-30', '2016-01-10', '2016-01-20', 64, 0, 0, 0, 0, 0, 0, 0, 55000, 0, 0, 0, 'Esta Factura contiene el total de la deuda de las vigencias anteriores, Recuerde se?or suscriptor que el pago oportuno ayuda a que nuestro acueducto sea cada ves mejor', 'Activo'),
(36, '2015-12-01', '2015-12-30', '2016-01-10', '2016-01-20', 76, 0, 0, 0, 0, 0, 0, 0, 60000, 0, 0, 0, 'Esta Factura contiene el total de la deuda de las vigencias anteriores, Recuerde se?or suscriptor que el pago oportuno ayuda a que nuestro acueducto sea cada ves mejor', 'Activo'),
(37, '2015-12-01', '2015-12-30', '2016-01-10', '2016-01-20', 77, 0, 0, 0, 0, 0, 0, 0, 60000, 0, 0, 0, 'Esta Factura contiene el total de la deuda de las vigencias anteriores, Recuerde se?or suscriptor que el pago oportuno ayuda a que nuestro acueducto sea cada ves mejor', 'Activo'),
(38, '2015-12-01', '2015-12-30', '2016-01-10', '2016-01-20', 78, 0, 0, 0, 0, 0, 0, 0, 60000, 0, 0, 0, 'Esta Factura contiene el total de la deuda de las vigencias anteriores, Recuerde se?or suscriptor que el pago oportuno ayuda a que nuestro acueducto sea cada ves mejor', 'Activo'),
(39, '2015-12-01', '2015-12-30', '2016-01-10', '2016-01-20', 79, 0, 0, 0, 0, 0, 0, 0, 60000, 0, 0, 0, 'Esta Factura contiene el total de la deuda de las vigencias anteriores, Recuerde se?or suscriptor que el pago oportuno ayuda a que nuestro acueducto sea cada ves mejor', 'Activo'),
(40, '2015-12-01', '2015-12-30', '2016-01-10', '2016-01-20', 86, 0, 0, 0, 0, 0, 0, 0, 60000, 0, 0, 0, 'Esta Factura contiene el total de la deuda de las vigencias anteriores, Recuerde se?or suscriptor que el pago oportuno ayuda a que nuestro acueducto sea cada ves mejor', 'Activo'),
(41, '2015-12-01', '2015-12-30', '2016-01-10', '2016-01-20', 87, 0, 0, 0, 0, 0, 0, 0, 60000, 0, 0, 0, 'Esta Factura contiene el total de la deuda de las vigencias anteriores, Recuerde se?or suscriptor que el pago oportuno ayuda a que nuestro acueducto sea cada ves mejor', 'Activo'),
(42, '2015-12-01', '2015-12-30', '2016-01-10', '2016-01-20', 97, 0, 0, 0, 0, 0, 0, 0, 360000, 0, 0, 0, 'Esta Factura contiene el total de la deuda de las vigencias anteriores, Recuerde se?or suscriptor que el pago oportuno ayuda a que nuestro acueducto sea cada ves mejor', 'Activo'),
(43, '2015-12-01', '2015-12-30', '2016-01-10', '2016-01-20', 98, 0, 0, 0, 0, 0, 0, 0, 60000, 0, 0, 0, 'Esta Factura contiene el total de la deuda de las vigencias anteriores, Recuerde se?or suscriptor que el pago oportuno ayuda a que nuestro acueducto sea cada ves mejor', 'Activo'),
(44, '2015-12-01', '2015-12-30', '2016-01-10', '2016-01-20', 99, 0, 0, 0, 0, 0, 0, 0, 60000, 0, 0, 0, 'Esta Factura contiene el total de la deuda de las vigencias anteriores, Recuerde se?or suscriptor que el pago oportuno ayuda a que nuestro acueducto sea cada ves mejor', 'Activo'),
(45, '2015-12-01', '2015-12-30', '2016-01-10', '2016-01-20', 492, 0, 0, 0, 0, 0, 0, 0, 360000, 0, 0, 0, 'Esta Factura contiene el total de la deuda de las vigencias anteriores, Recuerde se?or suscriptor que el pago oportuno ayuda a que nuestro acueducto sea cada ves mejor', 'Activo'),
(46, '2015-12-01', '2015-12-30', '2016-01-10', '2016-01-20', 104, 0, 0, 0, 0, 0, 0, 0, 60000, 0, 0, 0, 'Esta Factura contiene el total de la deuda de las vigencias anteriores, Recuerde se?or suscriptor que el pago oportuno ayuda a que nuestro acueducto sea cada ves mejor', 'Activo'),
(47, '2015-12-01', '2015-12-30', '2016-01-10', '2016-01-20', 105, 0, 0, 0, 0, 0, 0, 0, 60000, 0, 0, 0, 'Esta Factura contiene el total de la deuda de las vigencias anteriores, Recuerde se?or suscriptor que el pago oportuno ayuda a que nuestro acueducto sea cada ves mejor', 'Activo'),
(48, '2015-12-01', '2015-12-30', '2016-01-10', '2016-01-20', 107, 0, 0, 0, 0, 0, 0, 0, 240000, 0, 0, 0, 'Esta Factura contiene el total de la deuda de las vigencias anteriores, Recuerde se?or suscriptor que el pago oportuno ayuda a que nuestro acueducto sea cada ves mejor', 'Activo'),
(49, '2015-12-01', '2015-12-30', '2016-01-10', '2016-01-20', 107, 0, 0, 0, 0, 0, 0, 0, 120000, 0, 0, 0, 'Esta Factura contiene el total de la deuda de las vigencias anteriores, Recuerde se?or suscriptor que el pago oportuno ayuda a que nuestro acueducto sea cada ves mejor', 'Activo'),
(50, '2015-12-01', '2015-12-30', '2016-01-10', '2016-01-20', 113, 0, 0, 0, 0, 0, 0, 0, 120000, 0, 0, 0, 'Esta Factura contiene el total de la deuda de las vigencias anteriores, Recuerde se?or suscriptor que el pago oportuno ayuda a que nuestro acueducto sea cada ves mejor', 'Activo'),
(51, '2015-12-01', '2015-12-30', '2016-01-10', '2016-01-20', 115, 0, 0, 0, 0, 0, 0, 0, 5000, 0, 0, 0, 'Esta Factura contiene el total de la deuda de las vigencias anteriores, Recuerde se?or suscriptor que el pago oportuno ayuda a que nuestro acueducto sea cada ves mejor', 'Activo'),
(52, '2015-12-01', '2015-12-30', '2016-01-10', '2016-01-20', 484, 0, 0, 0, 0, 0, 0, 0, 60000, 0, 0, 0, 'Esta Factura contiene el total de la deuda de las vigencias anteriores, Recuerde se?or suscriptor que el pago oportuno ayuda a que nuestro acueducto sea cada ves mejor', 'Activo'),
(53, '2015-12-01', '2015-12-30', '2016-01-10', '2016-01-20', 485, 0, 0, 0, 0, 0, 0, 0, 60000, 0, 0, 0, 'Esta Factura contiene el total de la deuda de las vigencias anteriores, Recuerde se?or suscriptor que el pago oportuno ayuda a que nuestro acueducto sea cada ves mejor', 'Activo'),
(54, '2015-12-01', '2015-12-30', '2016-01-10', '2016-01-20', 486, 0, 0, 0, 0, 0, 0, 0, 60000, 0, 0, 0, 'Esta Factura contiene el total de la deuda de las vigencias anteriores, Recuerde se?or suscriptor que el pago oportuno ayuda a que nuestro acueducto sea cada ves mejor', 'Activo'),
(55, '2015-12-01', '2015-12-30', '2016-01-10', '2016-01-20', 119, 0, 0, 0, 0, 0, 0, 0, 360000, 0, 0, 0, 'Esta Factura contiene el total de la deuda de las vigencias anteriores, Recuerde se?or suscriptor que el pago oportuno ayuda a que nuestro acueducto sea cada ves mejor', 'Activo'),
(56, '2015-12-01', '2015-12-30', '2016-01-10', '2016-01-20', 120, 0, 0, 0, 0, 0, 0, 0, 60000, 0, 0, 0, 'Esta Factura contiene el total de la deuda de las vigencias anteriores, Recuerde se?or suscriptor que el pago oportuno ayuda a que nuestro acueducto sea cada ves mejor', 'Activo'),
(57, '2015-12-01', '2015-12-30', '2016-01-10', '2016-01-20', 121, 0, 0, 0, 0, 0, 0, 0, 240000, 0, 0, 0, 'Esta Factura contiene el total de la deuda de las vigencias anteriores, Recuerde se?or suscriptor que el pago oportuno ayuda a que nuestro acueducto sea cada ves mejor', 'Activo'),
(58, '2015-12-01', '2015-12-30', '2016-01-10', '2016-01-20', 122, 0, 0, 0, 0, 0, 0, 0, 60000, 0, 0, 0, 'Esta Factura contiene el total de la deuda de las vigencias anteriores, Recuerde se?or suscriptor que el pago oportuno ayuda a que nuestro acueducto sea cada ves mejor', 'Activo'),
(59, '2015-12-01', '2015-12-30', '2016-01-10', '2016-01-20', 446, 0, 0, 0, 0, 0, 0, 0, 0, 0, 0, 0, 'Esta Factura contiene el total de la deuda de las vigencias anteriores, Recuerde se?or suscriptor que el pago oportuno ayuda a que nuestro acueducto sea cada ves mejor', 'Activo'),
(60, '2015-12-01', '2015-12-30', '2016-01-10', '2016-01-20', 124, 0, 0, 0, 0, 0, 0, 0, 360000, 0, 0, 0, 'Esta Factura contiene el total de la deuda de las vigencias anteriores, Recuerde se?or suscriptor que el pago oportuno ayuda a que nuestro acueducto sea cada ves mejor', 'Activo'),
(61, '2015-12-01', '2015-12-30', '2016-01-10', '2016-01-20', 67, 0, 0, 0, 0, 0, 0, 0, 60000, 0, 0, 0, 'Esta Factura contiene el total de la deuda de las vigencias anteriores, Recuerde se?or suscriptor que el pago oportuno ayuda a que nuestro acueducto sea cada ves mejor', 'Activo'),
(62, '2015-12-01', '2015-12-30', '2016-01-10', '2016-01-20', 68, 0, 0, 0, 0, 0, 0, 0, 25000, 0, 0, 0, 'Esta Factura contiene el total de la deuda de las vigencias anteriores, Recuerde se?or suscriptor que el pago oportuno ayuda a que nuestro acueducto sea cada ves mejor', 'Activo'),
(63, '2015-12-01', '2015-12-30', '2016-01-10', '2016-01-20', 467, 0, 0, 0, 0, 0, 0, 0, 60000, 0, 0, 0, 'Esta Factura contiene el total de la deuda de las vigencias anteriores, Recuerde se?or suscriptor que el pago oportuno ayuda a que nuestro acueducto sea cada ves mejor', 'Activo'),
(64, '2015-12-01', '2015-12-30', '2016-01-10', '2016-01-20', 126, 0, 0, 0, 0, 0, 0, 0, 120000, 0, 0, 0, 'Esta Factura contiene el total de la deuda de las vigencias anteriores, Recuerde se?or suscriptor que el pago oportuno ayuda a que nuestro acueducto sea cada ves mejor', 'Activo'),
(65, '2015-12-01', '2015-12-30', '2016-01-10', '2016-01-20', 127, 0, 0, 0, 0, 0, 0, 0, 360000, 0, 0, 0, 'Esta Factura contiene el total de la deuda de las vigencias anteriores, Recuerde se?or suscriptor que el pago oportuno ayuda a que nuestro acueducto sea cada ves mejor', 'Activo'),
(66, '2015-12-01', '2015-12-30', '2016-01-10', '2016-01-20', 128, 0, 0, 0, 0, 0, 0, 0, 0, 0, 0, 0, 'Esta Factura contiene el total de la deuda de las vigencias anteriores, Recuerde se?or suscriptor que el pago oportuno ayuda a que nuestro acueducto sea cada ves mejor', 'Activo'),
(67, '2015-12-01', '2015-12-30', '2016-01-10', '2016-01-20', 129, 0, 0, 0, 0, 0, 0, 0, 60000, 0, 0, 0, 'Esta Factura contiene el total de la deuda de las vigencias anteriores, Recuerde se?or suscriptor que el pago oportuno ayuda a que nuestro acueducto sea cada ves mejor', 'Activo'),
(68, '2015-12-01', '2015-12-30', '2016-01-10', '2016-01-20', 130, 0, 0, 0, 0, 0, 0, 0, 60000, 0, 0, 0, 'Esta Factura contiene el total de la deuda de las vigencias anteriores, Recuerde se?or suscriptor que el pago oportuno ayuda a que nuestro acueducto sea cada ves mejor', 'Activo'),
(69, '2015-12-01', '2015-12-30', '2016-01-10', '2016-01-20', 132, 0, 0, 0, 0, 0, 0, 0, 60000, 0, 0, 0, 'Esta Factura contiene el total de la deuda de las vigencias anteriores, Recuerde se?or suscriptor que el pago oportuno ayuda a que nuestro acueducto sea cada ves mejor', 'Activo'),
(70, '2015-12-01', '2015-12-30', '2016-01-10', '2016-01-20', 138, 0, 0, 0, 0, 0, 0, 0, 0, 0, 0, 0, 'Esta Factura contiene el total de la deuda de las vigencias anteriores, Recuerde se?or suscriptor que el pago oportuno ayuda a que nuestro acueducto sea cada ves mejor', 'Activo'),
(71, '2015-12-01', '2015-12-30', '2016-01-10', '2016-01-20', 133, 0, 0, 0, 0, 0, 0, 0, 120000, 0, 0, 0, 'Esta Factura contiene el total de la deuda de las vigencias anteriores, Recuerde se?or suscriptor que el pago oportuno ayuda a que nuestro acueducto sea cada ves mejor', 'Activo'),
(72, '2015-12-01', '2015-12-30', '2016-01-10', '2016-01-20', 139, 0, 0, 0, 0, 0, 0, 0, 0, 0, 0, 0, 'Esta Factura contiene el total de la deuda de las vigencias anteriores, Recuerde se?or suscriptor que el pago oportuno ayuda a que nuestro acueducto sea cada ves mejor', 'Activo'),
(73, '2015-12-01', '2015-12-30', '2016-01-10', '2016-01-20', 470, 0, 0, 0, 0, 0, 0, 0, 240000, 0, 0, 0, 'Esta Factura contiene el total de la deuda de las vigencias anteriores, Recuerde se?or suscriptor que el pago oportuno ayuda a que nuestro acueducto sea cada ves mejor', 'Activo'),
(74, '2015-12-01', '2015-12-30', '2016-01-10', '2016-01-20', 460, 0, 0, 0, 0, 0, 0, 0, 240000, 0, 0, 0, 'Esta Factura contiene el total de la deuda de las vigencias anteriores, Recuerde se?or suscriptor que el pago oportuno ayuda a que nuestro acueducto sea cada ves mejor', 'Activo'),
(75, '2015-12-01', '2015-12-30', '2016-01-10', '2016-01-20', 22, 0, 0, 0, 0, 0, 0, 0, 70000, 0, 0, 0, 'Esta Factura contiene el total de la deuda de las vigencias anteriores, Recuerde se?or suscriptor que el pago oportuno ayuda a que nuestro acueducto sea cada ves mejor', 'Activo'),
(76, '2015-12-01', '2015-12-30', '2016-01-10', '2016-01-20', 143, 0, 0, 0, 0, 0, 0, 0, 60000, 0, 0, 0, 'Esta Factura contiene el total de la deuda de las vigencias anteriores, Recuerde se?or suscriptor que el pago oportuno ayuda a que nuestro acueducto sea cada ves mejor', 'Activo'),
(77, '2015-12-01', '2015-12-30', '2016-01-10', '2016-01-20', 145, 0, 0, 0, 0, 0, 0, 0, 30000, 0, 0, 0, 'Esta Factura contiene el total de la deuda de las vigencias anteriores, Recuerde se?or suscriptor que el pago oportuno ayuda a que nuestro acueducto sea cada ves mejor', 'Activo'),
(78, '2015-12-01', '2015-12-30', '2016-01-10', '2016-01-20', 146, 0, 0, 0, 0, 0, 0, 0, 35000, 0, 0, 0, 'Esta Factura contiene el total de la deuda de las vigencias anteriores, Recuerde se?or suscriptor que el pago oportuno ayuda a que nuestro acueducto sea cada ves mejor', 'Activo'),
(79, '2015-12-01', '2015-12-30', '2016-01-10', '2016-01-20', 480, 0, 0, 0, 0, 0, 0, 0, 60000, 0, 0, 0, 'Esta Factura contiene el total de la deuda de las vigencias anteriores, Recuerde se?or suscriptor que el pago oportuno ayuda a que nuestro acueducto sea cada ves mejor', 'Activo'),
(80, '2015-12-01', '2015-12-30', '2016-01-10', '2016-01-20', 148, 0, 0, 0, 0, 0, 0, 0, 60000, 0, 0, 0, 'Esta Factura contiene el total de la deuda de las vigencias anteriores, Recuerde se?or suscriptor que el pago oportuno ayuda a que nuestro acueducto sea cada ves mejor', 'Activo'),
(81, '2015-12-01', '2015-12-30', '2016-01-10', '2016-01-20', 149, 0, 0, 0, 0, 0, 0, 0, 30000, 0, 0, 0, 'Esta Factura contiene el total de la deuda de las vigencias anteriores, Recuerde se?or suscriptor que el pago oportuno ayuda a que nuestro acueducto sea cada ves mejor', 'Activo'),
(82, '2015-12-01', '2015-12-30', '2016-01-10', '2016-01-20', 149, 0, 0, 0, 0, 0, 0, 0, 30000, 0, 0, 0, 'Esta Factura contiene el total de la deuda de las vigencias anteriores, Recuerde se?or suscriptor que el pago oportuno ayuda a que nuestro acueducto sea cada ves mejor', 'Activo'),
(83, '2015-12-01', '2015-12-30', '2016-01-10', '2016-01-20', 149, 0, 0, 0, 0, 0, 0, 0, 30000, 0, 0, 0, 'Esta Factura contiene el total de la deuda de las vigencias anteriores, Recuerde se?or suscriptor que el pago oportuno ayuda a que nuestro acueducto sea cada ves mejor', 'Activo'),
(84, '2015-12-01', '2015-12-30', '2016-01-10', '2016-01-20', 152, 0, 0, 0, 0, 0, 0, 0, 720000, 0, 0, 0, 'Esta Factura contiene el total de la deuda de las vigencias anteriores, Recuerde se?or suscriptor que el pago oportuno ayuda a que nuestro acueducto sea cada ves mejor', 'Activo'),
(85, '2015-12-01', '2015-12-30', '2016-01-10', '2016-01-20', 153, 0, 0, 0, 0, 0, 0, 0, 60000, 0, 0, 0, 'Esta Factura contiene el total de la deuda de las vigencias anteriores, Recuerde se?or suscriptor que el pago oportuno ayuda a que nuestro acueducto sea cada ves mejor', 'Activo'),
(86, '2015-12-01', '2015-12-30', '2016-01-10', '2016-01-20', 155, 0, 0, 0, 0, 0, 0, 0, 0, 0, 0, 0, 'Esta Factura contiene el total de la deuda de las vigencias anteriores, Recuerde se?or suscriptor que el pago oportuno ayuda a que nuestro acueducto sea cada ves mejor', 'Activo'),
(87, '2015-12-01', '2015-12-30', '2016-01-10', '2016-01-20', 478, 0, 0, 0, 0, 0, 0, 0, 30000, 0, 0, 0, 'Esta Factura contiene el total de la deuda de las vigencias anteriores, Recuerde se?or suscriptor que el pago oportuno ayuda a que nuestro acueducto sea cada ves mejor', 'Activo'),
(88, '2015-12-01', '2015-12-30', '2016-01-10', '2016-01-20', 160, 0, 0, 0, 0, 0, 0, 0, 60000, 0, 0, 0, 'Esta Factura contiene el total de la deuda de las vigencias anteriores, Recuerde se?or suscriptor que el pago oportuno ayuda a que nuestro acueducto sea cada ves mejor', 'Activo'),
(89, '2015-12-01', '2015-12-30', '2016-01-10', '2016-01-20', 161, 0, 0, 0, 0, 0, 0, 0, 240000, 0, 0, 0, 'Esta Factura contiene el total de la deuda de las vigencias anteriores, Recuerde se?or suscriptor que el pago oportuno ayuda a que nuestro acueducto sea cada ves mejor', 'Activo'),
(90, '2015-12-01', '2015-12-30', '2016-01-10', '2016-01-20', 164, 0, 0, 0, 0, 0, 0, 0, 30000, 0, 0, 0, 'Esta Factura contiene el total de la deuda de las vigencias anteriores, Recuerde se?or suscriptor que el pago oportuno ayuda a que nuestro acueducto sea cada ves mejor', 'Activo'),
(91, '2015-12-01', '2015-12-30', '2016-01-10', '2016-01-20', 165, 0, 0, 0, 0, 0, 0, 0, 0, 0, 0, 0, 'Esta Factura contiene el total de la deuda de las vigencias anteriores, Recuerde se?or suscriptor que el pago oportuno ayuda a que nuestro acueducto sea cada ves mejor', 'Activo'),
(92, '2015-12-01', '2015-12-30', '2016-01-10', '2016-01-20', 465, 0, 0, 0, 0, 0, 0, 0, 0, 0, 0, 0, 'Esta Factura contiene el total de la deuda de las vigencias anteriores, Recuerde se?or suscriptor que el pago oportuno ayuda a que nuestro acueducto sea cada ves mejor', 'Activo'),
(93, '2015-12-01', '2015-12-30', '2016-01-10', '2016-01-20', 167, 0, 0, 0, 0, 0, 0, 0, 120000, 0, 0, 0, 'Esta Factura contiene el total de la deuda de las vigencias anteriores, Recuerde se?or suscriptor que el pago oportuno ayuda a que nuestro acueducto sea cada ves mejor', 'Activo'),
(94, '2015-12-01', '2015-12-30', '2016-01-10', '2016-01-20', 168, 0, 0, 0, 0, 0, 0, 0, 60000, 0, 0, 0, 'Esta Factura contiene el total de la deuda de las vigencias anteriores, Recuerde se?or suscriptor que el pago oportuno ayuda a que nuestro acueducto sea cada ves mejor', 'Activo'),
(95, '2015-12-01', '2015-12-30', '2016-01-10', '2016-01-20', 169, 0, 0, 0, 0, 0, 0, 0, 60000, 0, 0, 0, 'Esta Factura contiene el total de la deuda de las vigencias anteriores, Recuerde se?or suscriptor que el pago oportuno ayuda a que nuestro acueducto sea cada ves mejor', 'Activo'),
(96, '2015-12-01', '2015-12-30', '2016-01-10', '2016-01-20', 170, 0, 0, 0, 0, 0, 0, 0, 60000, 0, 0, 0, 'Esta Factura contiene el total de la deuda de las vigencias anteriores, Recuerde se?or suscriptor que el pago oportuno ayuda a que nuestro acueducto sea cada ves mejor', 'Activo'),
(97, '2015-12-01', '2015-12-30', '2016-01-10', '2016-01-20', 176, 0, 0, 0, 0, 0, 0, 0, 60000, 0, 0, 0, 'Esta Factura contiene el total de la deuda de las vigencias anteriores, Recuerde se?or suscriptor que el pago oportuno ayuda a que nuestro acueducto sea cada ves mejor', 'Activo'),
(98, '2015-12-01', '2015-12-30', '2016-01-10', '2016-01-20', 177, 0, 0, 0, 0, 0, 0, 0, 35000, 0, 0, 0, 'Esta Factura contiene el total de la deuda de las vigencias anteriores, Recuerde se?or suscriptor que el pago oportuno ayuda a que nuestro acueducto sea cada ves mejor', 'Activo'),
(99, '2015-12-01', '2015-12-30', '2016-01-10', '2016-01-20', 180, 0, 0, 0, 0, 0, 0, 0, 60000, 0, 0, 0, 'Esta Factura contiene el total de la deuda de las vigencias anteriores, Recuerde se?or suscriptor que el pago oportuno ayuda a que nuestro acueducto sea cada ves mejor', 'Activo'),
(100, '2015-12-01', '2015-12-30', '2016-01-10', '2016-01-20', 182, 0, 0, 0, 0, 0, 0, 0, 120000, 0, 0, 0, 'Esta Factura contiene el total de la deuda de las vigencias anteriores, Recuerde se?or suscriptor que el pago oportuno ayuda a que nuestro acueducto sea cada ves mejor', 'Activo'),
(101, '2015-12-01', '2015-12-30', '2016-01-10', '2016-01-20', 183, 0, 0, 0, 0, 0, 0, 0, 60000, 0, 0, 0, 'Esta Factura contiene el total de la deuda de las vigencias anteriores, Recuerde se?or suscriptor que el pago oportuno ayuda a que nuestro acueducto sea cada ves mejor', 'Activo'),
(102, '2015-12-01', '2015-12-30', '2016-01-10', '2016-01-20', 186, 0, 0, 0, 0, 0, 0, 0, 480000, 0, 0, 0, 'Esta Factura contiene el total de la deuda de las vigencias anteriores, Recuerde se?or suscriptor que el pago oportuno ayuda a que nuestro acueducto sea cada ves mejor', 'Activo'),
(103, '2015-12-01', '2015-12-30', '2016-01-10', '2016-01-20', 189, 0, 0, 0, 0, 0, 0, 0, 10000, 0, 0, 0, 'Esta Factura contiene el total de la deuda de las vigencias anteriores, Recuerde se?or suscriptor que el pago oportuno ayuda a que nuestro acueducto sea cada ves mejor', 'Activo'),
(104, '2015-12-01', '2015-12-30', '2016-01-10', '2016-01-20', 191, 0, 0, 0, 0, 0, 0, 0, 180000, 0, 0, 0, 'Esta Factura contiene el total de la deuda de las vigencias anteriores, Recuerde se?or suscriptor que el pago oportuno ayuda a que nuestro acueducto sea cada ves mejor', 'Activo'),
(105, '2015-12-01', '2015-12-30', '2016-01-10', '2016-01-20', 194, 0, 0, 0, 0, 0, 0, 0, 120000, 0, 0, 0, 'Esta Factura contiene el total de la deuda de las vigencias anteriores, Recuerde se?or suscriptor que el pago oportuno ayuda a que nuestro acueducto sea cada ves mejor', 'Activo'),
(106, '2015-12-01', '2015-12-30', '2016-01-10', '2016-01-20', 472, 0, 0, 0, 0, 0, 0, 0, 0, 0, 0, 0, 'Esta Factura contiene el total de la deuda de las vigencias anteriores, Recuerde se?or suscriptor que el pago oportuno ayuda a que nuestro acueducto sea cada ves mejor', 'Activo'),
(107, '2015-12-01', '2015-12-30', '2016-01-10', '2016-01-20', 491, 0, 0, 0, 0, 0, 0, 0, 60000, 0, 0, 0, 'Esta Factura contiene el total de la deuda de las vigencias anteriores, Recuerde se?or suscriptor que el pago oportuno ayuda a que nuestro acueducto sea cada ves mejor', 'Activo'),
(108, '2015-12-01', '2015-12-30', '2016-01-10', '2016-01-20', 452, 0, 0, 0, 0, 0, 0, 0, 360000, 0, 0, 0, 'Esta Factura contiene el total de la deuda de las vigencias anteriores, Recuerde se?or suscriptor que el pago oportuno ayuda a que nuestro acueducto sea cada ves mejor', 'Activo'),
(109, '2015-12-01', '2015-12-30', '2016-01-10', '2016-01-20', 476, 0, 0, 0, 0, 0, 0, 0, 360000, 0, 0, 0, 'Esta Factura contiene el total de la deuda de las vigencias anteriores, Recuerde se?or suscriptor que el pago oportuno ayuda a que nuestro acueducto sea cada ves mejor', 'Activo'),
(110, '2015-12-01', '2015-12-30', '2016-01-10', '2016-01-20', 481, 0, 0, 0, 0, 0, 0, 0, 360000, 0, 0, 0, 'Esta Factura contiene el total de la deuda de las vigencias anteriores, Recuerde se?or suscriptor que el pago oportuno ayuda a que nuestro acueducto sea cada ves mejor', 'Activo'),
(111, '2015-12-01', '2015-12-30', '2016-01-10', '2016-01-20', 474, 0, 0, 0, 0, 0, 0, 0, 360000, 0, 0, 0, 'Esta Factura contiene el total de la deuda de las vigencias anteriores, Recuerde se?or suscriptor que el pago oportuno ayuda a que nuestro acueducto sea cada ves mejor', 'Activo'),
(112, '2015-12-01', '2015-12-30', '2016-01-10', '2016-01-20', 483, 0, 0, 0, 0, 0, 0, 0, 360000, 0, 0, 0, 'Esta Factura contiene el total de la deuda de las vigencias anteriores, Recuerde se?or suscriptor que el pago oportuno ayuda a que nuestro acueducto sea cada ves mejor', 'Activo'),
(113, '2015-12-01', '2015-12-30', '2016-01-10', '2016-01-20', 443, 0, 0, 0, 0, 0, 0, 0, 60000, 0, 0, 0, 'Esta Factura contiene el total de la deuda de las vigencias anteriores, Recuerde se?or suscriptor que el pago oportuno ayuda a que nuestro acueducto sea cada ves mejor', 'Activo'),
(114, '2015-12-01', '2015-12-30', '2016-01-10', '2016-01-20', 489, 0, 0, 0, 0, 0, 0, 0, 30000, 0, 0, 0, 'Esta Factura contiene el total de la deuda de las vigencias anteriores, Recuerde se?or suscriptor que el pago oportuno ayuda a que nuestro acueducto sea cada ves mejor', 'Activo'),
(115, '2015-12-01', '2015-12-30', '2016-01-10', '2016-01-20', 477, 0, 0, 0, 0, 0, 0, 0, 30000, 0, 0, 0, 'Esta Factura contiene el total de la deuda de las vigencias anteriores, Recuerde se?or suscriptor que el pago oportuno ayuda a que nuestro acueducto sea cada ves mejor', 'Activo'),
(116, '2015-12-01', '2015-12-30', '2016-01-10', '2016-01-20', 473, 0, 0, 0, 0, 0, 0, 0, 60000, 0, 0, 0, 'Esta Factura contiene el total de la deuda de las vigencias anteriores, Recuerde se?or suscriptor que el pago oportuno ayuda a que nuestro acueducto sea cada ves mejor', 'Activo'),
(117, '2015-12-01', '2015-12-30', '2016-01-10', '2016-01-20', 448, 0, 0, 0, 0, 0, 0, 0, 60000, 0, 0, 0, 'Esta Factura contiene el total de la deuda de las vigencias anteriores, Recuerde se?or suscriptor que el pago oportuno ayuda a que nuestro acueducto sea cada ves mejor', 'Activo'),
(118, '2015-12-01', '2015-12-30', '2016-01-10', '2016-01-20', 451, 0, 0, 0, 0, 0, 0, 0, 60000, 0, 0, 0, 'Esta Factura contiene el total de la deuda de las vigencias anteriores, Recuerde se?or suscriptor que el pago oportuno ayuda a que nuestro acueducto sea cada ves mejor', 'Activo'),
(119, '2015-12-01', '2015-12-30', '2016-01-10', '2016-01-20', 453, 0, 0, 0, 0, 0, 0, 0, 0, 0, 0, 0, 'Esta Factura contiene el total de la deuda de las vigencias anteriores, Recuerde se?or suscriptor que el pago oportuno ayuda a que nuestro acueducto sea cada ves mejor', 'Activo'),
(120, '2015-12-01', '2015-12-30', '2016-01-10', '2016-01-20', 462, 0, 0, 0, 0, 0, 0, 0, 40000, 0, 0, 0, 'Esta Factura contiene el total de la deuda de las vigencias anteriores, Recuerde se?or suscriptor que el pago oportuno ayuda a que nuestro acueducto sea cada ves mejor', 'Activo'),
(121, '2015-12-01', '2015-12-30', '2016-01-10', '2016-01-20', 446, 0, 0, 0, 0, 0, 0, 0, 60000, 0, 0, 0, 'Esta Factura contiene el total de la deuda de las vigencias anteriores, Recuerde se?or suscriptor que el pago oportuno ayuda a que nuestro acueducto sea cada ves mejor', 'Activo'),
(122, '2015-12-01', '2015-12-30', '2016-01-10', '2016-01-20', 446, 0, 0, 0, 0, 0, 0, 0, 0, 0, 0, 0, 'Esta Factura contiene el total de la deuda de las vigencias anteriores, Recuerde se?or suscriptor que el pago oportuno ayuda a que nuestro acueducto sea cada ves mejor', 'Activo'),
(123, '2015-12-01', '2015-12-30', '2016-01-10', '2016-01-20', 446, 0, 0, 0, 0, 0, 0, 0, 360000, 0, 0, 0, 'Esta Factura contiene el total de la deuda de las vigencias anteriores, Recuerde se?or suscriptor que el pago oportuno ayuda a que nuestro acueducto sea cada ves mejor', 'Activo'),
(124, '2015-12-01', '2015-12-30', '2016-01-10', '2016-01-20', 457, 0, 0, 0, 0, 0, 0, 0, 120000, 0, 0, 0, 'Esta Factura contiene el total de la deuda de las vigencias anteriores, Recuerde se?or suscriptor que el pago oportuno ayuda a que nuestro acueducto sea cada ves mejor', 'Activo'),
(125, '2015-12-01', '2015-12-30', '2016-01-10', '2016-01-20', 442, 0, 0, 0, 0, 0, 0, 0, 360000, 0, 0, 0, 'Esta Factura contiene el total de la deuda de las vigencias anteriores, Recuerde se?or suscriptor que el pago oportuno ayuda a que nuestro acueducto sea cada ves mejor', 'Activo'),
(126, '2015-12-01', '2015-12-30', '2016-01-10', '2016-01-20', 482, 0, 0, 0, 0, 0, 0, 0, 360000, 0, 0, 0, 'Esta Factura contiene el total de la deuda de las vigencias anteriores, Recuerde se?or suscriptor que el pago oportuno ayuda a que nuestro acueducto sea cada ves mejor', 'Activo'),
(127, '2015-12-01', '2015-12-30', '2016-01-10', '2016-01-20', 436, 0, 0, 0, 0, 0, 0, 0, 60000, 0, 0, 0, 'Esta Factura contiene el total de la deuda de las vigencias anteriores, Recuerde se?or suscriptor que el pago oportuno ayuda a que nuestro acueducto sea cada ves mejor', 'Activo'),
(128, '2015-12-01', '2015-12-30', '2016-01-10', '2016-01-20', 444, 0, 0, 0, 0, 0, 0, 0, 360000, 0, 0, 0, 'Esta Factura contiene el total de la deuda de las vigencias anteriores, Recuerde se?or suscriptor que el pago oportuno ayuda a que nuestro acueducto sea cada ves mejor', 'Activo'),
(129, '2015-12-01', '2015-12-30', '2016-01-10', '2016-01-20', 471, 0, 0, 0, 0, 0, 0, 0, 120000, 0, 0, 0, 'Esta Factura contiene el total de la deuda de las vigencias anteriores, Recuerde se?or suscriptor que el pago oportuno ayuda a que nuestro acueducto sea cada ves mejor', 'Activo'),
(130, '2015-12-01', '2015-12-30', '2016-01-10', '2016-01-20', 437, 0, 0, 0, 0, 0, 0, 0, 360000, 0, 0, 0, 'Esta Factura contiene el total de la deuda de las vigencias anteriores, Recuerde se?or suscriptor que el pago oportuno ayuda a que nuestro acueducto sea cada ves mejor', 'Activo'),
(131, '2015-12-01', '2015-12-30', '2016-01-10', '2016-01-20', 437, 0, 0, 0, 0, 0, 0, 0, 180000, 0, 0, 0, 'Esta Factura contiene el total de la deuda de las vigencias anteriores, Recuerde se?or suscriptor que el pago oportuno ayuda a que nuestro acueducto sea cada ves mejor', 'Activo'),
(132, '2015-12-01', '2015-12-30', '2016-01-10', '2016-01-20', 475, 0, 0, 0, 0, 0, 0, 0, 60000, 0, 0, 0, 'Esta Factura contiene el total de la deuda de las vigencias anteriores, Recuerde se?or suscriptor que el pago oportuno ayuda a que nuestro acueducto sea cada ves mejor', 'Activo'),
(133, '2015-12-01', '2015-12-30', '2016-01-10', '2016-01-20', 469, 0, 0, 0, 0, 0, 0, 0, 360000, 0, 0, 0, 'Esta Factura contiene el total de la deuda de las vigencias anteriores, Recuerde se?or suscriptor que el pago oportuno ayuda a que nuestro acueducto sea cada ves mejor', 'Activo'),
(134, '2015-12-01', '2015-12-30', '2016-01-10', '2016-01-20', 461, 0, 0, 0, 0, 0, 0, 0, 240000, 0, 0, 0, 'Esta Factura contiene el total de la deuda de las vigencias anteriores, Recuerde se?or suscriptor que el pago oportuno ayuda a que nuestro acueducto sea cada ves mejor', 'Activo'),
(135, '2015-12-01', '2015-12-30', '2016-01-10', '2016-01-20', 447, 0, 0, 0, 0, 0, 0, 0, 280000, 0, 0, 0, 'Esta Factura contiene el total de la deuda de las vigencias anteriores, Recuerde se?or suscriptor que el pago oportuno ayuda a que nuestro acueducto sea cada ves mejor', 'Activo'),
(136, '2015-12-01', '2015-12-30', '2016-01-10', '2016-01-20', 455, 0, 0, 0, 0, 0, 0, 0, 0, 0, 0, 0, 'Esta Factura contiene el total de la deuda de las vigencias anteriores, Recuerde se?or suscriptor que el pago oportuno ayuda a que nuestro acueducto sea cada ves mejor', 'Activo'),
(137, '2015-12-01', '2015-12-30', '2016-01-10', '2016-01-20', 488, 0, 0, 0, 0, 0, 0, 0, 0, 0, 0, 0, 'Esta Factura contiene el total de la deuda de las vigencias anteriores, Recuerde se?or suscriptor que el pago oportuno ayuda a que nuestro acueducto sea cada ves mejor', 'Activo'),
(138, '2015-12-01', '2015-12-30', '2016-01-10', '2016-01-20', 487, 0, 0, 0, 0, 0, 0, 0, 0, 0, 0, 0, 'Esta Factura contiene el total de la deuda de las vigencias anteriores, Recuerde se?or suscriptor que el pago oportuno ayuda a que nuestro acueducto sea cada ves mejor', 'Activo');

-- --------------------------------------------------------

--
-- Estructura de tabla para la tabla `fechas_facturacion`
--

CREATE TABLE IF NOT EXISTS `fechas_facturacion` (
  `cierre` int(2) NOT NULL,
  `reconexion` int(11) NOT NULL,
  `factura` int(2) NOT NULL,
  `copia` int(2) NOT NULL,
  `inicio` int(2) NOT NULL,
  `fin` int(2) NOT NULL,
  `ruta_back` longtext COLLATE utf8_spanish_ci NOT NULL,
  PRIMARY KEY (`cierre`)
) ENGINE=InnoDB DEFAULT CHARSET=utf8 COLLATE=utf8_spanish_ci;

--
-- Volcado de datos para la tabla `fechas_facturacion`
--

INSERT INTO `fechas_facturacion` (`cierre`, `reconexion`, `factura`, `copia`, `inicio`, `fin`, `ruta_back`) VALUES
(25, 20, 10, 0, 12, 30, 'C:\\\\wamp\\\\bin\\\\mysql\\\\mysql5.6.17\\\\bin');

-- --------------------------------------------------------

--
-- Estructura de tabla para la tabla `financiacion`
--

CREATE TABLE IF NOT EXISTS `financiacion` (
  `codigo_financiacion` int(11) NOT NULL AUTO_INCREMENT,
  `documento` varchar(20) NOT NULL,
  `inmueble` int(11) NOT NULL,
  `numero_cuotas` int(11) NOT NULL,
  `cuotas_pagas` int(11) DEFAULT NULL,
  `iva` varchar(20) NOT NULL,
  `valor_total` float NOT NULL,
  `tipo` varchar(20) NOT NULL,
  `abono` float NOT NULL,
  `fecha` timestamp NOT NULL DEFAULT CURRENT_TIMESTAMP,
  `estado` varchar(2) NOT NULL,
  PRIMARY KEY (`codigo_financiacion`),
  KEY `documento` (`documento`),
  KEY `inmueble` (`inmueble`)
) ENGINE=InnoDB  DEFAULT CHARSET=latin1 AUTO_INCREMENT=2 ;

--
-- Volcado de datos para la tabla `financiacion`
--

INSERT INTO `financiacion` (`codigo_financiacion`, `documento`, `inmueble`, `numero_cuotas`, `cuotas_pagas`, `iva`, `valor_total`, `tipo`, `abono`, `fecha`, `estado`) VALUES
(1, '126', 338, 2, 0, '21', 1000, 'Instalacion', 0, '2016-02-23 15:47:10', 'AC');

-- --------------------------------------------------------

--
-- Estructura de tabla para la tabla `inmueble`
--

CREATE TABLE IF NOT EXISTS `inmueble` (
  `codigo_inmueble` int(11) NOT NULL,
  `Direccion` varchar(80) NOT NULL,
  `telefono` bigint(11) NOT NULL,
  `alcantarillado` int(3) NOT NULL,
  `Acueduto` int(3) NOT NULL,
  `documento` varchar(20) NOT NULL,
  `estado` varchar(3) NOT NULL DEFAULT 'AC',
  `observacion` varchar(200) NOT NULL,
  PRIMARY KEY (`codigo_inmueble`),
  KEY `documento` (`documento`),
  KEY `alcantarillado` (`alcantarillado`),
  KEY `Acueduto` (`Acueduto`)
) ENGINE=InnoDB DEFAULT CHARSET=latin1;

--
-- Volcado de datos para la tabla `inmueble`
--

INSERT INTO `inmueble` (`codigo_inmueble`, `Direccion`, `telefono`, `alcantarillado`, `Acueduto`, `documento`, `estado`, `observacion`) VALUES
(1, ' - VIVIENDA ', 0, 15, 3, '1', 'AC', 'casa'),
(2, ' - CASA', 3143441252, 15, 3, '2', 'AC', 'casa'),
(3, ' - PUNTO', 2611522, 16, 4, '3', 'AC', 'punto'),
(4, ' - VIVIENDA ', 2611522, 15, 3, '3', 'AC', 'casa'),
(5, ' - PISCINA RECREO ', 0, 14, 2, '4', 'AC', 'casa campestre'),
(6, 'LOS MIRTOS  - VIVIENDA', 0, 15, 3, '5', 'AC', 'casa'),
(7, ' - PUNTO', 3123315920, 16, 4, '6', 'AC', 'punto'),
(8, ' - VIVIENDA ', 0, 15, 3, '7', 'AC', 'casa'),
(9, ' - CASA', 0, 15, 3, '8', 'AC', 'casa'),
(10, ' - CASA', 0, 15, 3, '8', 'AC', 'casa'),
(11, ' - PESEBRERA', 0, 13, 1, '8', 'AC', 'pesebrera'),
(12, ' - CASA', 0, 15, 3, '8', 'AC', 'casa'),
(13, 'FINCA LAS VEGAS  - PESEBRERA ', 3103030597, 13, 1, '9', 'AC', 'pesebrera'),
(14, ' - CASA', 3125541901, 15, 3, '10', 'AC', 'casa'),
(15, ' - VIVIENDA', 3006037404, 15, 3, '11', 'AC', 'casa'),
(16, 'LOS ALPES  - VIVIENDA ', 3168539514, 15, 3, '12', 'AC', 'casa'),
(17, 'LOS ALPES  - VIVERO', 3168539514, 14, 2, '12', 'AC', 'vivero'),
(18, 'LOS ALPES  - CABA?AS', 3168539514, 14, 2, '12', 'AC', 'casa campestre'),
(19, 'LE?A CARBON Y SABOR  - RESTAURANTE ', 3118678350, 14, 2, '13', 'AC', 'restaurante '),
(20, ' - PUNTO', 0, 16, 4, '14', 'AC', 'punto'),
(21, 'VILLA AMPARO  - PISCINA RECREO ', 3134865597, 14, 2, '15', 'AC', 'casa campestre'),
(22, ' - LOTE', 3112593816, 14, 2, '16', 'AC', 'lote'),
(23, 'LA GRANADITA  - VIVIENDA ', 3165089892, 15, 3, '17', 'AC', 'casa'),
(24, 'PORTAL DE LA SUIZA - CASA LOTE', 0, 15, 3, '18', 'AC', 'casa'),
(25, 'VILLA MARIA  - PISCINA RECREO ', 3115061056, 14, 2, '19', 'AC', 'casa campestre'),
(26, 'RANCHO CONTENTO  - PISCINA DE RECREO, PESEBRERA ', 0, 13, 1, '20', 'AC', 'pesebrera'),
(27, ' - LOTE ', 0, 14, 2, '21', 'AC', 'lote'),
(28, ' - CASA REREO', 0, 14, 2, '22', 'AC', 'casa campestre'),
(29, ' - PESEBREA', 0, 13, 1, '22', 'AC', 'pesebrera'),
(30, ' - PESEBRERA', 3187956431, 13, 1, '22', 'AC', 'pesebrera'),
(31, ' - PESEBRERA', 3187956431, 13, 1, '22', 'AC', 'pesebrera'),
(32, ' - CASA RECREO ', 0, 14, 2, '22', 'AC', 'casa campestre'),
(33, ' - PESEBRERA', 0, 13, 1, '22', 'AC', 'pesebrera'),
(34, 'LOTE EL CONSUELO  - VIVIENDA ', 3144193010, 15, 3, '23', 'AC', 'casa'),
(35, ' - VIVIENDA', 0, 15, 3, '24', 'AC', 'casa'),
(36, ' - LOTE', 0, 14, 2, '25', 'AC', 'lote'),
(37, 'TIENDA EL MANGO  - TIENDA ', 3123614189, 14, 2, '25', 'AC', 'tienda '),
(38, 'MONTALLANTAS EL TOTUMO  - CASA ', 0, 15, 3, '26', 'AC', 'casa'),
(39, ' - MARRRANERA', 0, 13, 1, '27', 'AC', 'marranera'),
(40, ' - CASA', 0, 15, 3, '27', 'AC', 'casa'),
(41, ' SIERRA MORENA  - CASA LOTE', 3003919726, 15, 3, '28', 'AC', 'casa'),
(42, 'LA PILDORITA  - VIVIENDA ', 0, 15, 3, '29', 'AC', 'casa'),
(43, 'EL PENCIL  - PISCINA PESEBRERA', 3142776929, 13, 1, '30', 'AC', 'pesebrera'),
(44, ' - CASA ', 0, 15, 3, '31', 'AC', 'casa'),
(45, 'EL TOTUMAZO  - NEGOCIO ', 0, 13, 1, '32', 'AC', 'negocio '),
(46, ' - CASA RECREO ', 3112620306, 14, 2, '33', 'AC', 'casa campestre'),
(47, 'LAS MARGARITAS  - PISCINA, RECREO  ', 0, 14, 2, '34', 'AC', 'casa campestre'),
(48, 'RANCHO DE ARTURO  - RESTAURANTE ', 3183120768, 14, 2, '35', 'AC', 'restaurante '),
(49, 'RANCHO DE ARTURO  - CABA?AS', 3183120768, 14, 2, '35', 'AC', 'casa campestre'),
(50, ' - CASA', 0, 15, 3, '36', 'AC', 'casa'),
(51, 'EL TRUINFO - PUNTO', 3195716460, 16, 4, '37', 'AC', 'punto'),
(52, 'VILLA ARBOLEDA  - PISCINA PRIVADA ', 2714372, 14, 2, '38', 'AC', 'casa campestre'),
(53, 'ARBOSOL - LOTE', 2714372, 14, 2, '38', 'AC', 'lote'),
(54, 'FINCA LA FLOR  - VIVIENDA CASA LOTE ', 3123315920, 15, 3, '38', 'AC', 'casa'),
(55, ' - VIVIENDA ', 3138993251, 15, 3, '39', 'AC', 'casa'),
(56, 'VILLA CAROL - CASA ', 3115692846, 15, 3, '40', 'AC', 'casa'),
(57, 'LOTE - LOTE', 0, 14, 2, '41', 'AC', 'lote'),
(58, 'VILLA LUISA  - PISCINA RECREO ', 3115777651, 14, 2, '42', 'AC', 'casa campestre'),
(59, ' - CASA', 3202186601, 15, 3, '43', 'AC', 'casa'),
(60, 'CEMENTERIO TOTUMO  - CEMENTERIO ', 0, 15, 3, '44', 'AC', 'cementerio '),
(61, ' - LOTE', 0, 14, 2, '45', 'AC', 'lote'),
(62, ' - VIVIENDA ', 0, 15, 3, '46', 'AC', 'casa'),
(63, ' - CASA', 0, 15, 3, '47', 'AC', 'casa'),
(64, ' - CASA', 0, 15, 3, '48', 'AC', 'casa'),
(65, 'FINCA NAPO - PESEBRERA', 3188016856, 13, 1, '49', 'AC', 'pesebrera'),
(66, 'CANDILEJA  - CASA ', 3114682330, 15, 3, '49', 'AC', 'casa'),
(67, 'EL TRIUNFO(2) - VIVIENDA', 3188016856, 15, 3, '49', 'AC', 'casa'),
(68, 'EL TRIUNFO (2) - PESEBRERA', 3188016856, 13, 1, '49', 'AC', 'pesebrera'),
(69, 'FINCA NAPO - CASA RECREO ', 3188016856, 14, 2, '49', 'AC', 'casa campestre'),
(70, 'FINCA NAPO - CASA ADMINISTRADOR', 3188016856, 15, 3, '49', 'AC', 'casa'),
(71, 'FINCA NAPO - FINCA DE RECREO PESEBRERA ', 3188016856, 13, 1, '49', 'AC', 'pesebrera'),
(72, 'SAN LORENZO - ESTABLO', 3188016856, 13, 1, '49', 'AC', 'establo'),
(73, ' - VIVIENDA', 3188016856, 15, 3, '49', 'AC', 'casa'),
(74, ' - PUNTOS', 0, 16, 4, '49', 'AC', 'punto'),
(75, ' - PUNTO', 0, 16, 4, '50', 'AC', 'punto'),
(76, ' - CASA LOTE', 0, 15, 3, '51', 'AC', 'casa'),
(77, ' - CASA', 0, 15, 3, '52', 'AC', 'casa'),
(78, 'LA ESTRELLA  - VIVIENDA ', 3108515906, 15, 3, '53', 'AC', 'casa'),
(79, 'LA ESTRELLA  - PISCINA PUBLICA ', 3108515906, 13, 1, '53', 'AC', 'piscina publica'),
(80, 'LA ESTRELLA  - VIVIENDA', 3108515906, 15, 3, '53', 'AC', 'casa'),
(81, 'LA ESTRELLA  - PUNTO', 3108515906, 16, 4, '53', 'AC', 'punto'),
(82, ' - PESEBRERA', 0, 13, 1, '54', 'AC', 'pesebrera'),
(83, ' - FINCA PISCINA', 0, 14, 2, '54', 'AC', 'casa campestre'),
(84, ' - CASA LOTE', 0, 15, 3, '54', 'AC', 'casa'),
(85, 'SAN JOSE  - CASA 1', 3208622510, 15, 3, '55', 'AC', 'casa'),
(86, 'LA MARIA  - VIVIENDA', 0, 15, 3, '56', 'AC', 'casa'),
(87, 'LA MARIA  - VIVIENDA', 0, 15, 3, '56', 'AC', 'casa'),
(88, ' - VIVIENDA ', 0, 15, 3, '57', 'AC', 'casa'),
(89, 'LA CRISTALINA - VIVIENDA ', 320, 15, 3, '58', 'AC', 'casa'),
(90, ' - PUNTO', 0, 16, 4, '59', 'AC', 'punto'),
(91, ' - CASA', 0, 15, 3, '59', 'AC', 'casa'),
(92, ' - CASA', 0, 15, 3, '59', 'AC', 'casa'),
(93, ' - ESCUELA - VIVIENDA ', 0, 14, 2, '60', 'AC', 'escuela'),
(94, 'VILLA PANCHA  - PESEBRERA', 3125541901, 13, 1, '61', 'AC', 'pesebrera'),
(95, ' - PUNTO', 0, 16, 4, '62', 'AC', 'punto'),
(96, 'LLEGAMOS DONDE ERA  - CABA?AS', 3156003319, 14, 2, '63', 'AC', 'casa campestre'),
(97, ' - CASA  LOTE', 0, 15, 3, '64', 'AC', 'casa'),
(98, 'LA ESMERALDA  - PUNTO', 0, 16, 4, '65', 'AC', 'punto'),
(99, 'LA ESMERALDA  - VIVIENDA', 0, 15, 3, '65', 'AC', 'casa'),
(100, 'LA ESMERALDA  - LOTE', 0, 14, 2, '65', 'AC', 'lote'),
(101, ' - LOTE   ', 0, 14, 2, '66', 'AC', 'lote'),
(102, 'VILLA DANIELA  - PISCINA RECREO ', 3168724025, 14, 2, '67', 'AC', 'casa campestre'),
(103, ' - CASA', 3115893408, 15, 3, '68', 'AC', 'casa'),
(104, ' - VIVIENDA ', 0, 15, 3, '69', 'AC', 'casa'),
(105, ' - VIVIENDA', 3112301283, 15, 3, '70', 'AC', 'casa'),
(106, 'VILLA BERACA - FINCA DESCANSO ', 3215189420, 14, 2, '71', 'AC', 'casa campestre'),
(107, 'ESTADERO DONDE JUANCHO - NEGOCIO ', 0, 13, 1, '72', 'AC', 'negocio '),
(108, ' - LOTE', 0, 14, 2, '72', 'AC', 'lote'),
(109, ' - VIVIENDA ', 315211819, 15, 3, '72', 'AC', 'casa'),
(110, ' - LOTE', 0, 14, 2, '72', 'AC', 'lote'),
(111, ' - PUNTO', 0, 16, 4, '73', 'AC', 'punto'),
(112, ' - CASA', 0, 15, 3, '73', 'AC', 'casa'),
(113, 'VILLA LAS PALMAS  - PISCINA RECREO ', 3203422227, 14, 2, '74', 'AC', 'casa campestre'),
(114, 'VILLA GLADYS  - CASA', 0, 15, 3, '75', 'AC', 'casa'),
(115, ' - CASA', 3133928930, 15, 3, '76', 'AC', 'casa'),
(116, ' - LOTE', 0, 14, 2, '77', 'AC', 'lote'),
(117, ' - VIVIENDA', 0, 15, 3, '77', 'AC', 'casa'),
(118, ' - VIVIENDA', 0, 15, 3, '77', 'AC', 'casa'),
(119, 'PUNTO ALEGRE  - NEGOCIO ', 3206487476, 13, 1, '78', 'AC', 'negocio '),
(120, ' - LOTE', 0, 14, 2, '79', 'AC', 'lote'),
(121, 'FINCA LA REFORMA  - VIVIENDA ', 3133552903, 15, 3, '80', 'AC', 'casa'),
(122, ' - VIVIENDA', 3203351007, 15, 3, '81', 'AC', 'casa'),
(123, ' - LOTE', 3214928400, 14, 2, '82', 'AC', 'lote'),
(124, ' - VIVIENDA ', 3133602706, 15, 3, '83', 'AC', 'casa'),
(125, ' - LOTE', 0, 14, 2, '84', 'AC', 'lote'),
(126, 'EL LOTE  - CASA RECREO ', 3104773179, 14, 2, '85', 'AC', 'casa campestre'),
(127, 'TRES ESQUINAS  - VIVIENDA ', 3115473002, 15, 3, '86', 'AC', 'casa'),
(128, ' - CASA ', 3158729909, 15, 3, '87', 'AC', 'casa'),
(129, 'CASA LOMA  - VIVIENDA', 0, 15, 3, '88', 'AC', 'casa'),
(130, ' - VIVIENDA', 0, 15, 3, '88', 'AC', 'casa'),
(131, 'LAS HELICONIAS - CASA LOTE', 0, 15, 3, '89', 'AC', 'casa'),
(132, ' - CASA', 3138218956, 15, 3, '90', 'AC', 'casa'),
(133, 'LA SOLEDAD  - PUNTO', 0, 16, 4, '91', 'AC', 'punto'),
(134, 'LA SOLEDAD  - PUNTO', 0, 16, 4, '91', 'AC', 'punto'),
(135, 'LA SOLEDAD  - PUNTO', 0, 16, 4, '91', 'AC', 'punto'),
(136, 'LA SOLEDAD  - PUNTO', 0, 16, 4, '91', 'AC', 'punto'),
(137, 'LA SOLEDAD  - CASA', 3108809955, 15, 3, '91', 'AC', 'casa'),
(138, ' - PUNTO', 3138218956, 16, 4, '90', 'AC', 'punto'),
(139, ' - LOTE', 0, 14, 2, '93', 'AC', 'lote'),
(140, ' - CASA', 3107552725, 15, 3, '94', 'AC', 'casa'),
(141, 'COLEGIO - COLEGIO ', 0, 14, 2, '95', 'AC', 'colegio'),
(142, 'K.6 N?8-40 - VIVIENDA', 3138043234, 15, 3, '96', 'AC', 'casa'),
(143, ' - LOTE', 3202875995, 14, 2, '97', 'AC', 'lote'),
(144, ' - LOTE', 3156003319, 14, 2, '98', 'AC', 'lote'),
(145, 'VILLA CLEMA  - PISCINA RECREO ', 3134184803, 14, 2, '99', 'AC', 'casa campestre'),
(146, 'VILLA STELLA  - CASA', 2492310, 15, 3, '100', 'AC', 'casa'),
(147, ' - PISCINA RECREO ', 0, 14, 2, '101', 'AC', 'casa campestre'),
(148, ' - LOTE ', 3217657292, 14, 2, '102', 'AC', 'lote'),
(149, 'SAN ALEJO  - FINCA ', 3505522412, 14, 2, '103', 'AC', 'casa campestre'),
(150, 'EL TRIUNFO "MASIS" - PROCEDADORA ', 3154520953, 13, 1, '103', 'AC', 'procedadora '),
(151, 'LA PISCINA  - CASA', 3505522412, 15, 3, '103', 'AC', 'casa'),
(152, 'LA GLORIETA  - PISCINA ', 0, 13, 1, '104', 'AC', 'piscina '),
(153, 'VILLA DIANA  - VIVIENDA', 0, 15, 3, '105', 'AC', 'casa'),
(154, 'EL SANJUANERO  - PISCINA, PUBLICA PESEBRERA ', 3156486281, 13, 1, '106', 'AC', 'piscina publica'),
(155, ' - CASA RECREO ', 0, 14, 2, '107', 'AC', 'casa campestre'),
(156, ' - CASA RECREO ', 0, 14, 2, '107', 'AC', 'casa campestre'),
(157, ' - CASA RECREO ', 0, 14, 2, '107', 'AC', 'casa campestre'),
(158, ' - ARENERA', 0, 13, 1, '108', 'AC', 'marranera'),
(159, 'LA SOLEDAD  - MARRRANERA', 0, 13, 1, '109', 'AC', 'marranera'),
(160, 'PIRAQUIEVE  - LOTE ', 0, 14, 2, '110', 'AC', 'lote'),
(161, ' - VIVIENDA ', 0, 15, 3, '111', 'AC', 'casa'),
(162, 'RANCHO ALFORGIA  - VIVIENDA ', 0, 15, 3, '112', 'AC', 'casa'),
(163, 'RANCHO ALFORGIA  - PESEBRERA ', 0, 13, 1, '112', 'AC', 'pesebrera'),
(164, ' - CASA LOTE', 0, 15, 3, '113', 'AC', 'casa'),
(165, ' - PESEBRERA, ', 0, 13, 1, '114', 'AC', 'pesebrera'),
(166, ' - CASA', 0, 15, 3, '115', 'AC', 'casa'),
(167, 'LOS GUAYABALES  - PISCINA PUBLICA ', 3188711305, 13, 1, '116', 'AC', 'piscina publica'),
(168, 'LOS GUAYABALES  - PISCINA PUBLICA ', 3188711305, 13, 1, '116', 'AC', 'piscina publica'),
(169, 'LOS GUAYABALES  - PISCINA PUBLICA ', 3188711305, 13, 1, '116', 'AC', 'piscina publica'),
(170, 'LOTE  - LOTE EN USO ', 3125541901, 14, 2, '117', 'AC', 'lote'),
(171, 'LOTE  - LOTE ', 3125541901, 14, 2, '117', 'AC', 'lote'),
(172, 'VILLA GRANDE  - CASA RECREO ', 3008422373, 14, 2, '118', 'AC', 'casa campestre'),
(173, ' - LOTE', 0, 14, 2, '119', 'AC', 'lote'),
(174, ' - LOTE', 0, 14, 2, '120', 'AC', 'lote'),
(175, ' - PUNTO', 0, 16, 4, '121', 'AC', 'punto'),
(176, 'LAS BRISAS  - VIVIENDA ', 3138958285, 15, 3, '122', 'AC', 'casa'),
(177, 'VILLA LUCY  - PESEBRERA', 3145179636, 13, 1, '123', 'AC', 'pesebrera'),
(178, 'VILLA NATALIA - PISCINA RECREO ', 0, 14, 2, '124', 'AC', 'casa campestre'),
(179, ' - CASA LOTE', 0, 15, 3, '125', 'AC', 'casa'),
(180, 'CANCHAS LA CURVA  - NEGOCIO ', 0, 13, 1, '126', 'AC', 'negocio '),
(181, ' - PUNTO', 3214471771, 16, 4, '127', 'AC', 'punto'),
(182, ' - CASA', 0, 15, 3, '128', 'AC', 'casa'),
(183, ' - VIVIENDA', 0, 15, 3, '129', 'AC', 'casa'),
(184, ' - VIVIENDA', 3153683767, 15, 3, '130', 'AC', 'casa'),
(185, 'CASA N? 3 - PISCINA RECREO ', 3112018596, 14, 2, '131', 'AC', 'casa campestre'),
(186, ' - VIVIENDA ', 0, 15, 3, '132', 'AC', 'casa'),
(187, ' - PUNTOS', 0, 16, 4, '133', 'AC', 'punto'),
(188, 'SAN FELIPE  - PESEBRERA', 3168773890, 13, 1, '134', 'AC', 'pesebrera'),
(189, 'RANCHO SAN NICOLAS  - PISCINA RECREO ', 3166993016, 14, 2, '135', 'AC', 'casa campestre'),
(190, 'LA ESPERANZA  - FINCA ', 0, 14, 2, '136', 'AC', 'casa campestre'),
(191, ' - CASA', 0, 15, 3, '137', 'AC', 'casa'),
(192, ' - PUNTO', 0, 16, 4, '138', 'AC', 'punto'),
(193, ' - VIVIENDA', 3213364347, 15, 3, '139', 'AC', 'casa'),
(194, 'EL LOTE  - CASA RECREO ', 3104773179, 14, 2, '140', 'AC', 'casa campestre'),
(195, ' - LOTE', 0, 14, 2, '141', 'AC', 'lote'),
(196, ' - PUNTO - 1', 3188016856, 16, 4, '49', 'AC', 'punto'),
(197, ' - PUNTO - 2', 3188016856, 16, 4, '49', 'AC', 'punto'),
(198, ' - PUNTO - 3', 3188016856, 16, 4, '49', 'AC', 'punto'),
(199, ' - PUNTO - 4', 3188016856, 16, 4, '49', 'AC', 'punto'),
(200, ' - PUNTO - 5', 3188016856, 16, 4, '49', 'AC', 'punto'),
(201, ' - PUNTO - 6', 3188016856, 16, 4, '49', 'AC', 'punto'),
(202, ' - PUNTO - 7', 3188016856, 16, 4, '49', 'AC', 'punto'),
(203, ' - PUNTO - 8', 3188016856, 16, 4, '49', 'AC', 'punto'),
(204, ' - PUNTO - 9', 3188016856, 16, 4, '49', 'AC', 'punto'),
(205, ' - PUNTO - 10', 3188016856, 16, 4, '49', 'AC', 'punto'),
(206, ' - PUNTO - 11', 3188016856, 16, 4, '49', 'AC', 'punto'),
(207, ' - PUNTO - 12', 3188016856, 16, 4, '49', 'AC', 'punto'),
(208, ' - PUNTO - 13', 3188016856, 16, 4, '49', 'AC', 'punto'),
(209, ' - PUNTO - 14', 3188016856, 16, 4, '49', 'AC', 'punto'),
(210, ' - PUNTO - 15', 3188016856, 16, 4, '49', 'AC', 'punto'),
(211, ' - PUNTO - 16', 3188016856, 16, 4, '49', 'AC', 'punto'),
(212, ' - PUNTO - 17', 3188016856, 16, 4, '49', 'AC', 'punto'),
(213, ' - PUNTO - 18', 3188016856, 16, 4, '49', 'AC', 'punto'),
(214, ' - PUNTO - 19', 3188016856, 16, 4, '49', 'AC', 'punto'),
(215, ' - PUNTO - 20', 3188016856, 16, 4, '49', 'AC', 'punto'),
(216, ' - PUNTO - 21', 3188016856, 16, 4, '49', 'AC', 'punto'),
(217, ' - PUNTO - 22', 3188016856, 16, 4, '49', 'AC', 'punto'),
(218, ' - PUNTO - 23', 3188016856, 16, 4, '49', 'AC', 'punto'),
(219, ' - PUNTO - 24', 3188016856, 16, 4, '49', 'AC', 'punto'),
(220, ' - PUNTO - 25', 3188016856, 16, 4, '49', 'AC', 'punto'),
(221, ' - PUNTO - 26', 3188016856, 16, 4, '49', 'AC', 'punto'),
(222, ' - PUNTO - 27', 3188016856, 16, 4, '49', 'AC', 'punto'),
(223, ' - PUNTO - 28', 3188016856, 16, 4, '49', 'AC', 'punto'),
(224, ' - PUNTO - 29', 3188016856, 16, 4, '49', 'AC', 'punto'),
(225, ' - PUNTO - 30', 3188016856, 16, 4, '49', 'AC', 'punto'),
(226, ' - PUNTO - 31', 3188016856, 16, 4, '49', 'AC', 'punto'),
(227, ' - PUNTO - 32', 3188016856, 16, 4, '49', 'AC', 'punto'),
(228, ' - PUNTO - 33', 3188016856, 16, 4, '49', 'AC', 'punto'),
(229, ' - PUNTO - 34', 3188016856, 16, 4, '49', 'AC', 'punto'),
(230, ' - PUNTO - 35', 3188016856, 16, 4, '49', 'AC', 'punto'),
(231, ' - PUNTO - 36', 3188016856, 16, 4, '49', 'AC', 'punto'),
(232, ' - PUNTO - 37', 3188016856, 16, 4, '49', 'AC', 'punto'),
(233, ' - PUNTO - 38', 3188016856, 16, 4, '49', 'AC', 'punto'),
(234, ' - PUNTO - 39', 3188016856, 16, 4, '49', 'AC', 'punto'),
(235, ' - PUNTO - 40', 3188016856, 16, 4, '49', 'AC', 'punto'),
(236, ' - PUNTO - 41', 3188016856, 16, 4, '49', 'AC', 'punto'),
(237, ' - PUNTO - 42', 3188016856, 16, 4, '49', 'AC', 'punto'),
(238, ' - PUNTO - 43', 3188016856, 16, 4, '49', 'AC', 'punto'),
(239, ' - PUNTO - 44', 3188016856, 16, 4, '49', 'AC', 'punto'),
(240, ' - PUNTO - 45', 3188016856, 16, 4, '49', 'AC', 'punto'),
(241, ' - PUNTO - 46', 3188016856, 16, 4, '49', 'AC', 'punto'),
(242, ' - PUNTO - 47', 3188016856, 16, 4, '49', 'AC', 'punto'),
(243, ' - PUNTO - 48', 3188016856, 16, 4, '49', 'AC', 'punto'),
(244, ' - PUNTO - 49', 3188016856, 16, 4, '49', 'AC', 'punto'),
(245, ' - PUNTO - 50', 3188016856, 16, 4, '49', 'AC', 'punto'),
(246, ' - PUNTO - 51', 3188016856, 16, 4, '49', 'AC', 'punto'),
(247, ' - PUNTO - 52', 3188016856, 16, 4, '49', 'AC', 'punto'),
(248, ' - PUNTO - 53', 3188016856, 16, 4, '49', 'AC', 'punto'),
(249, ' - PUNTO - 54', 3188016856, 16, 4, '49', 'AC', 'punto'),
(250, ' - PUNTO - 55', 3188016856, 16, 4, '49', 'AC', 'punto'),
(251, ' - PUNTO - 56', 3188016856, 16, 4, '49', 'AC', 'punto'),
(252, ' - PUNTO - 57', 3188016856, 16, 4, '49', 'AC', 'punto'),
(253, ' - PUNTO - 58', 3188016856, 16, 4, '49', 'AC', 'punto'),
(254, ' - PUNTO - 59', 3188016856, 16, 4, '49', 'AC', 'punto'),
(255, ' - PUNTO - 60', 3188016856, 16, 4, '49', 'AC', 'punto'),
(256, ' - PUNTO - 61', 3188016856, 16, 4, '49', 'AC', 'punto'),
(257, ' - PUNTO - 62', 3188016856, 16, 4, '49', 'AC', 'punto'),
(258, ' - PUNTO - 63', 3188016856, 16, 4, '49', 'AC', 'punto'),
(259, ' - PUNTO - 64', 3188016856, 16, 4, '49', 'AC', 'punto'),
(260, ' - PUNTO - 65', 3188016856, 16, 4, '49', 'AC', 'punto'),
(261, ' - PUNTO - 1', 0, 16, 4, '66', 'AC', 'punto'),
(262, ' - PUNTO - 2', 0, 16, 4, '66', 'AC', 'punto'),
(263, ' - PUNTO - 3', 0, 16, 4, '66', 'AC', 'punto'),
(264, ' - PUNTO - 4', 0, 16, 4, '66', 'AC', 'punto'),
(265, ' - PUNTO - 1', 3156003319, 16, 4, '98', 'AC', 'punto'),
(266, ' - PUNTO - 2', 3156003319, 16, 4, '98', 'AC', 'punto'),
(267, ' - PUNTO - 3', 3156003319, 16, 4, '98', 'AC', 'punto'),
(268, ' - PUNTO - 4', 3156003319, 16, 4, '98', 'AC', 'punto'),
(269, ' - PUNTO - 5', 3156003319, 16, 4, '98', 'AC', 'punto'),
(270, ' - PUNTO - 6', 3156003319, 16, 4, '98', 'AC', 'punto'),
(271, ' - PUNTO - 7', 3156003319, 16, 4, '98', 'AC', 'punto'),
(272, ' - PUNTO - 8', 3156003319, 16, 4, '98', 'AC', 'punto'),
(273, ' - PUNTO - 9', 3156003319, 16, 4, '98', 'AC', 'punto'),
(274, ' - PUNTO - 10', 3156003319, 16, 4, '98', 'AC', 'punto'),
(275, ' - PUNTO - 11', 3156003319, 16, 4, '98', 'AC', 'punto'),
(276, ' - PUNTO - 1', 0, 16, 4, '133', 'AC', 'punto'),
(277, ' - PUNTO - 2', 0, 16, 4, '133', 'AC', 'punto'),
(278, ' - PUNTO - 3', 0, 16, 4, '133', 'AC', 'punto'),
(279, ' - PUNTO - 4', 0, 16, 4, '133', 'AC', 'punto'),
(280, ' - PUNTO - 5', 0, 16, 4, '133', 'AC', 'punto'),
(281, ' - PUNTO - 6', 0, 16, 4, '133', 'AC', 'punto'),
(282, ' - PUNTO - 7', 0, 16, 4, '133', 'AC', 'punto'),
(283, ' - PUNTO - 8', 0, 16, 4, '133', 'AC', 'punto'),
(284, ' - PUNTO - 9', 0, 16, 4, '133', 'AC', 'punto'),
(285, ' - PUNTO - 10', 0, 16, 4, '133', 'AC', 'punto'),
(286, ' - PUNTO - 11', 0, 16, 4, '133', 'AC', 'punto'),
(287, ' - PUNTO - 12', 0, 16, 4, '133', 'AC', 'punto'),
(288, ' - PUNTO - 13', 0, 16, 4, '133', 'AC', 'punto'),
(289, ' - PUNTO - 14', 0, 16, 4, '133', 'AC', 'punto'),
(290, ' - PUNTO - 15', 0, 16, 4, '133', 'AC', 'punto'),
(291, ' - PUNTO - 16', 0, 16, 4, '133', 'AC', 'punto'),
(292, ' - PUNTO - 17', 0, 16, 4, '133', 'AC', 'punto'),
(293, ' - PUNTO - 18', 0, 16, 4, '133', 'AC', 'punto'),
(294, ' - PUNTO - 19', 0, 16, 4, '133', 'AC', 'punto'),
(295, ' - PUNTO - 20', 0, 16, 4, '133', 'AC', 'punto'),
(296, ' - PUNTO - 21', 0, 16, 4, '133', 'AC', 'punto'),
(297, ' - PUNTO - 22', 0, 16, 4, '133', 'AC', 'punto'),
(298, ' - PUNTO - 23', 0, 16, 4, '133', 'AC', 'punto'),
(299, ' - PUNTO - 24', 0, 16, 4, '133', 'AC', 'punto'),
(300, ' - PUNTO - 25', 0, 16, 4, '133', 'AC', 'punto'),
(301, ' - PUNTO - 26', 0, 16, 4, '133', 'AC', 'punto'),
(302, ' - PUNTO - 27', 0, 16, 4, '133', 'AC', 'punto'),
(303, ' - PUNTO - 28', 0, 16, 4, '133', 'AC', 'punto'),
(304, ' - PUNTO - 29', 0, 16, 4, '133', 'AC', 'punto'),
(305, ' - PUNTO - 30', 0, 16, 4, '133', 'AC', 'punto'),
(306, ' - PUNTO - 31', 0, 16, 4, '133', 'AC', 'punto'),
(307, ' - PUNTO - 32', 0, 16, 4, '133', 'AC', 'punto'),
(308, ' - PUNTO - 33', 0, 16, 4, '133', 'AC', 'punto'),
(309, ' - PUNTO - 34', 0, 16, 4, '133', 'AC', 'punto'),
(310, ' - PUNTO - 35', 0, 16, 4, '133', 'AC', 'punto'),
(311, ' - PUNTO - 36', 0, 16, 4, '133', 'AC', 'punto'),
(312, ' - PUNTO - 37', 0, 16, 4, '133', 'AC', 'punto'),
(313, ' - PUNTO - 38', 0, 16, 4, '133', 'AC', 'punto'),
(314, ' - PUNTO - 39', 0, 16, 4, '133', 'AC', 'punto'),
(315, ' - PUNTO - 40', 0, 16, 4, '133', 'AC', 'punto'),
(316, ' - PUNTO - 41', 0, 16, 4, '133', 'AC', 'punto'),
(317, ' - PUNTO - 42', 0, 16, 4, '133', 'AC', 'punto'),
(318, ' - PUNTO - 43', 0, 16, 4, '133', 'AC', 'punto'),
(319, ' - PUNTO - 44', 0, 16, 4, '133', 'AC', 'punto'),
(320, ' - PUNTO - 45', 0, 16, 4, '133', 'AC', 'punto'),
(321, ' - PUNTO - 46', 0, 16, 4, '133', 'AC', 'punto'),
(322, ' - PUNTO - 47', 0, 16, 4, '133', 'AC', 'punto'),
(323, ' - PUNTO - 48', 0, 16, 4, '133', 'AC', 'punto'),
(324, ' - PUNTO - 49', 0, 16, 4, '133', 'AC', 'punto'),
(325, ' - PUNTO - 50', 0, 16, 4, '133', 'AC', 'punto'),
(326, ' - PUNTO - 51', 0, 16, 4, '133', 'AC', 'punto'),
(327, ' - PUNTO - 52', 0, 16, 4, '133', 'AC', 'punto'),
(328, ' - PUNTO - 53', 0, 16, 4, '133', 'AC', 'punto'),
(329, ' - PUNTO - 54', 0, 16, 4, '133', 'AC', 'punto'),
(330, ' - PUNTO - 55', 0, 16, 4, '133', 'AC', 'punto'),
(331, ' - PUNTO - 56', 0, 16, 4, '133', 'AC', 'punto'),
(332, ' - PUNTO - 57', 0, 16, 4, '133', 'AC', 'punto'),
(333, ' - PUNTO - 58', 0, 16, 4, '133', 'AC', 'punto'),
(334, ' - PUNTO - 59', 0, 16, 4, '133', 'AC', 'punto'),
(335, ' - PUNTO - 60', 0, 16, 4, '133', 'AC', 'punto'),
(336, ' - PUNTO - 61', 0, 16, 4, '133', 'AC', 'punto'),
(337, ' - PUNTO - 62', 0, 16, 4, '133', 'AC', 'punto'),
(338, ' - PUNTO - 63', 0, 16, 4, '133', 'AC', 'punto'),
(339, ' - PUNTO - 64', 0, 16, 4, '133', 'AC', 'punto'),
(340, ' - PUNTO - 65', 0, 16, 4, '133', 'AC', 'punto'),
(341, ' - PUNTO - 66', 0, 16, 4, '133', 'AC', 'punto'),
(342, ' - PUNTO - 67', 0, 16, 4, '133', 'AC', 'punto'),
(343, ' - PUNTO - 68', 0, 16, 4, '133', 'AC', 'punto'),
(344, ' - PUNTO - 69', 0, 16, 4, '133', 'AC', 'punto'),
(345, ' - PUNTO - 70', 0, 16, 4, '133', 'AC', 'punto'),
(346, ' - PUNTO - 71', 0, 16, 4, '133', 'AC', 'punto'),
(347, ' - PUNTO - 72', 0, 16, 4, '133', 'AC', 'punto'),
(348, ' - PUNTO - 73', 0, 16, 4, '133', 'AC', 'punto'),
(349, ' - PUNTO - 74', 0, 16, 4, '133', 'AC', 'punto'),
(350, ' - PUNTO - 75', 0, 16, 4, '133', 'AC', 'punto'),
(351, ' - PUNTO - 76', 0, 16, 4, '133', 'AC', 'punto'),
(352, ' - PUNTO - 77', 0, 16, 4, '133', 'AC', 'punto'),
(353, ' - PUNTO - 78', 0, 16, 4, '133', 'AC', 'punto'),
(354, ' - PUNTO - 79', 0, 16, 4, '133', 'AC', 'punto'),
(355, ' - PUNTO - 80', 0, 16, 4, '133', 'AC', 'punto'),
(356, ' - PUNTO - 81', 0, 16, 4, '133', 'AC', 'punto'),
(357, ' - PUNTO - 82', 0, 16, 4, '133', 'AC', 'punto'),
(358, ' - PUNTO - 83', 0, 16, 4, '133', 'AC', 'punto'),
(359, ' - PUNTO - 84', 0, 16, 4, '133', 'AC', 'punto'),
(360, ' - PUNTO - 85', 0, 16, 4, '133', 'AC', 'punto'),
(361, ' - PUNTO - 86', 0, 16, 4, '133', 'AC', 'punto'),
(362, ' - PUNTO - 87', 0, 16, 4, '133', 'AC', 'punto'),
(363, ' - PUNTO - 88', 0, 16, 4, '133', 'AC', 'punto'),
(364, ' - PUNTO - 89', 0, 16, 4, '133', 'AC', 'punto'),
(365, ' - PUNTO - 90', 0, 16, 4, '133', 'AC', 'punto'),
(366, ' - PUNTO - 91', 0, 16, 4, '133', 'AC', 'punto'),
(367, ' - PUNTO - 92', 0, 16, 4, '133', 'AC', 'punto'),
(368, ' - PUNTO - 93', 0, 16, 4, '133', 'AC', 'punto'),
(369, ' - PUNTO - 94', 0, 16, 4, '133', 'AC', 'punto'),
(370, ' - PUNTO - 95', 0, 16, 4, '133', 'AC', 'punto'),
(371, ' - PUNTO - 96', 0, 16, 4, '133', 'AC', 'punto'),
(372, ' - PUNTO - 97', 0, 16, 4, '133', 'AC', 'punto'),
(373, ' - PUNTO - 98', 0, 16, 4, '133', 'AC', 'punto'),
(374, ' - PUNTO - 99', 0, 16, 4, '133', 'AC', 'punto'),
(375, ' - PUNTO - 100', 0, 16, 4, '133', 'AC', 'punto'),
(376, ' - PUNTO - 1', 0, 16, 4, '142', 'AC', 'punto'),
(377, ' - PUNTO - 2', 0, 16, 4, '142', 'AC', 'punto'),
(378, ' - PUNTO - 3', 0, 16, 4, '142', 'AC', 'punto'),
(379, ' - PUNTO - 4', 0, 16, 4, '142', 'AC', 'punto'),
(380, ' - PUNTO - 5', 0, 16, 4, '142', 'AC', 'punto'),
(381, ' - PUNTO - 6', 0, 16, 4, '142', 'AC', 'punto'),
(382, ' - PUNTO - 7', 0, 16, 4, '142', 'AC', 'punto'),
(383, ' - PUNTO - 8', 0, 16, 4, '142', 'AC', 'punto'),
(384, ' - PUNTO - 9', 0, 16, 4, '142', 'AC', 'punto'),
(385, ' - PUNTO - 10', 0, 16, 4, '142', 'AC', 'punto'),
(386, ' - PUNTO - 11', 0, 16, 4, '142', 'AC', 'punto'),
(387, ' - PUNTO - 12', 0, 16, 4, '142', 'AC', 'punto'),
(388, ' - PUNTO - 13', 0, 16, 4, '142', 'AC', 'punto'),
(389, ' - PUNTO - 14', 0, 16, 4, '142', 'AC', 'punto'),
(390, ' - PUNTO - 15', 0, 16, 4, '142', 'AC', 'punto'),
(391, ' - PUNTO - 16', 0, 16, 4, '142', 'AC', 'punto'),
(392, ' - PUNTO - 17', 0, 16, 4, '142', 'AC', 'punto'),
(393, ' - PUNTO - 18', 0, 16, 4, '142', 'AC', 'punto'),
(394, ' - PUNTO - 19', 0, 16, 4, '142', 'AC', 'punto'),
(395, ' - PUNTO - 20', 0, 16, 4, '142', 'AC', 'punto'),
(396, ' - PUNTO - 21', 0, 16, 4, '142', 'AC', 'punto'),
(397, ' - PUNTO - 22', 0, 16, 4, '142', 'AC', 'punto'),
(398, ' - PUNTO - 23', 0, 16, 4, '142', 'AC', 'punto'),
(399, ' - PUNTO - 24', 0, 16, 4, '142', 'AC', 'punto'),
(400, ' - PUNTO - 25', 0, 16, 4, '142', 'AC', 'punto'),
(401, ' - PUNTO - 26', 0, 16, 4, '142', 'AC', 'punto'),
(402, ' - PUNTO - 27', 0, 16, 4, '142', 'AC', 'punto'),
(403, ' - PUNTO - 28', 0, 16, 4, '142', 'AC', 'punto'),
(404, ' - PUNTO - 29', 0, 16, 4, '142', 'AC', 'punto'),
(405, ' - PUNTO - 30', 0, 16, 4, '142', 'AC', 'punto'),
(406, ' - PUNTO - 31', 0, 16, 4, '142', 'AC', 'punto'),
(407, ' - PUNTO - 32', 0, 16, 4, '142', 'AC', 'punto'),
(408, ' - PUNTO - 33', 0, 16, 4, '142', 'AC', 'punto'),
(409, ' - PUNTO - 34', 0, 16, 4, '142', 'AC', 'punto'),
(410, ' - PUNTO - 35', 0, 16, 4, '142', 'AC', 'punto'),
(411, ' - PUNTO - 36', 0, 16, 4, '142', 'AC', 'punto'),
(412, ' - PUNTO - 37', 0, 16, 4, '142', 'AC', 'punto'),
(413, ' - PUNTO - 38', 0, 16, 4, '142', 'AC', 'punto'),
(414, ' - PUNTO - 39', 0, 16, 4, '142', 'AC', 'punto'),
(415, ' - PUNTO - 40', 0, 16, 4, '142', 'AC', 'punto'),
(416, ' - PUNTO - 41', 0, 16, 4, '142', 'AC', 'punto'),
(417, ' - PUNTO - 42', 0, 16, 4, '142', 'AC', 'punto'),
(418, ' - PUNTO - 43', 0, 16, 4, '142', 'AC', 'punto'),
(419, ' - PUNTO - 44', 0, 16, 4, '142', 'AC', 'punto'),
(420, ' - PUNTO - 45', 0, 16, 4, '142', 'AC', 'punto'),
(421, ' - PUNTO - 46', 0, 16, 4, '142', 'AC', 'punto'),
(422, ' - PUNTO - 47', 0, 16, 4, '142', 'AC', 'punto'),
(423, ' - PUNTO - 48', 0, 16, 4, '142', 'AC', 'punto'),
(424, ' - PUNTO - 49', 0, 16, 4, '142', 'AC', 'punto'),
(425, ' - PUNTO - 50', 0, 16, 4, '142', 'AC', 'punto'),
(426, ' - PUNTO - 51', 0, 16, 4, '142', 'AC', 'punto'),
(427, ' - PUNTO - 52', 0, 16, 4, '142', 'AC', 'punto'),
(428, ' - PUNTO - 53', 0, 16, 4, '142', 'AC', 'punto'),
(429, ' - PUNTO - 54', 0, 16, 4, '142', 'AC', 'punto'),
(430, ' - PUNTO - 55', 0, 16, 4, '142', 'AC', 'punto'),
(431, ' - PUNTO - 56', 0, 16, 4, '142', 'AC', 'punto'),
(432, ' - PUNTO - 57', 0, 16, 4, '142', 'AC', 'punto'),
(433, ' - PUNTO - 58', 0, 16, 4, '142', 'AC', 'punto'),
(434, ' - PUNTO - 59', 0, 16, 4, '142', 'AC', 'punto'),
(435, ' - PUNTO - 60', 0, 16, 4, '142', 'AC', 'punto'),
(436, 'LA MALOKA  - casa campestre', 0, 14, 2, '143', 'AC', 'casa campestre'),
(437, 'LA  FORTUNA  - casa campestre', 0, 14, 2, '144', 'AC', 'casa campestre'),
(438, 'LOTE - lote', 0, 14, 2, '145', 'AC', 'lote'),
(439, 'VILLA LINA  - casa campestre', 0, 14, 2, '146', 'AC', 'casa campestre'),
(440, ' - Colegio', 0, 13, 1, '147', 'AC', 'industria'),
(441, ' - casa', 0, 15, 3, '148', 'AC', 'casa'),
(442, 'LECHONERIA EL TOTUMO  - industria', 0, 13, 1, '149', 'AC', 'industria'),
(443, 'MOGGUI PARRILLA BAR  - restaurante ', 0, 14, 2, '150', 'AC', 'restaurante '),
(444, 'LA ESTRELLA  - casa campestre', 0, 14, 2, '151', 'AC', 'casa campestre'),
(445, 'CARNCERIA  - negocio ', 0, 13, 1, '152', 'AC', 'negocio '),
(446, 'LLEGAMOS DONDE ERA  - restaurante ', 0, 14, 2, '153', 'AC', 'restaurante '),
(447, ' - casa', 0, 15, 3, '154', 'AC', 'casa'),
(448, ' - casa', 0, 15, 3, '155', 'AC', 'casa'),
(449, ' - casa', 0, 15, 3, '156', 'AC', 'casa'),
(450, ' - casa', 0, 15, 3, '157', 'AC', 'casa'),
(451, 'LOTE LAS PALMITAS  - lote', 0, 14, 2, '158', 'AC', 'lote'),
(452, ' - casa', 0, 15, 3, '159', 'AC', 'casa'),
(453, ' - casa', 0, 15, 3, '160', 'AC', 'casa'),
(454, 'AVICOLA PORVENIR  - industria', 0, 13, 1, '161', 'AC', 'industria'),
(455, 'MI RANCHITO - restaurante ', 0, 14, 2, '162', 'AC', 'restaurante '),
(456, ' - casa campestre', 0, 14, 2, '163', 'AC', 'casa campestre'),
(457, ' - casa', 0, 15, 3, '164', 'AC', 'casa'),
(458, ' - casa', 0, 15, 3, '165', 'AC', 'casa'),
(459, ' - lote', 0, 14, 2, '45', 'AC', 'lote'),
(460, ' - colegio', 0, 14, 2, '#N/A', 'AC', 'colegio'),
(461, ' - centro de salud', 0, 0, 3, '194', 'AC', 'centro de salud'),
(462, ' - casa campestre', 0, 14, 2, '189', 'AC', 'casa campestre'),
(463, ' - casa campestre', 0, 14, 2, '171', 'AC', 'casa campestre'),
(464, ' - casa campestre', 0, 14, 2, '155', 'AC', 'casa campestre'),
(465, ' - pesebrera', 0, 13, 1, '180', 'AC', 'pesebrera'),
(466, ' - casa campestre', 0, 14, 2, '168', 'AC', 'casa campestre'),
(467, ' - casa', 0, 15, 3, '175', 'AC', 'casa'),
(468, ' - casa', 0, 15, 3, '166', 'AC', 'casa'),
(469, ' - casa', 0, 15, 3, '193', 'AC', 'casa'),
(470, ' - escuela', 0, 14, 2, '176', 'AC', 'escuela'),
(471, ' - iglesia', 0, 15, 3, '191', 'AC', 'iglesia'),
(472, ' - casa', 0, 15, 3, '181', 'AC', 'casa'),
(473, ' - pesebrera', 0, 13, 1, '188', 'AC', 'pesebrera'),
(474, ' - casa campestre', 0, 14, 2, '185', 'AC', 'casa campestre'),
(475, ' - casa', 0, 15, 3, '192', 'AC', 'casa'),
(476, ' - casa', 0, 15, 3, '183', 'AC', 'casa'),
(477, ' - casa', 0, 15, 3, '188', 'AC', 'casa'),
(478, ' - lote', 0, 14, 2, '179', 'AC', 'lote'),
(479, ' - casa', 0, 15, 3, '46', 'AC', 'casa'),
(480, ' - casa', 0, 15, 3, '178', 'AC', 'casa'),
(481, ' - casa campestre', 0, 14, 2, '184', 'AC', 'casa campestre'),
(482, ' - casa', 0, 15, 3, '190', 'AC', 'casa'),
(483, ' - casa', 0, 15, 3, '186', 'AC', 'casa'),
(484, ' - casa', 0, 15, 3, '173', 'AC', 'casa'),
(485, ' - casa', 0, 15, 3, '173', 'AC', 'casa'),
(486, ' - casa', 0, 15, 3, '174', 'AC', 'casa'),
(487, ' - pesebrera', 0, 13, 1, '195', 'AC', 'pesebrera'),
(488, ' - pesebrera', 0, 13, 1, '195', 'AC', 'pesebrera'),
(489, ' - casa', 0, 15, 3, '187', 'AC', 'casa'),
(490, ' - marranera', 0, 13, 1, '167', 'AC', 'marranera'),
(491, ' - casa', 0, 15, 3, '182', 'AC', 'casa'),
(492, ' - casa campestre', 0, 14, 2, '67', 'AC', 'casa campestre');

-- --------------------------------------------------------

--
-- Estructura de tabla para la tabla `logacceso`
--

CREATE TABLE IF NOT EXISTS `logacceso` (
  `id` int(11) NOT NULL AUTO_INCREMENT,
  `nombre` varchar(30) NOT NULL,
  `fecha` date NOT NULL,
  PRIMARY KEY (`id`)
) ENGINE=InnoDB DEFAULT CHARSET=latin1 AUTO_INCREMENT=1 ;

-- --------------------------------------------------------

--
-- Estructura de tabla para la tabla `otrosconceptos`
--

CREATE TABLE IF NOT EXISTS `otrosconceptos` (
  `id` int(11) NOT NULL AUTO_INCREMENT,
  `inmueble` int(11) NOT NULL,
  `cocepto` varchar(100) COLLATE utf8_spanish_ci NOT NULL,
  `valor` int(6) NOT NULL,
  `fecha` timestamp NOT NULL DEFAULT CURRENT_TIMESTAMP ON UPDATE CURRENT_TIMESTAMP,
  `estado` varchar(2) COLLATE utf8_spanish_ci NOT NULL,
  PRIMARY KEY (`id`)
) ENGINE=InnoDB  DEFAULT CHARSET=utf8 COLLATE=utf8_spanish_ci AUTO_INCREMENT=2 ;

--
-- Volcado de datos para la tabla `otrosconceptos`
--

INSERT INTO `otrosconceptos` (`id`, `inmueble`, `cocepto`, `valor`, `fecha`, `estado`) VALUES
(1, 182, 'cambio de mangera ', 100000, '2016-02-22 22:09:23', 'IN');

-- --------------------------------------------------------

--
-- Estructura de tabla para la tabla `pago_factura`
--

CREATE TABLE IF NOT EXISTS `pago_factura` (
  `codigo_factura` int(11) NOT NULL,
  `fecha_pago_pago` timestamp NOT NULL DEFAULT CURRENT_TIMESTAMP ON UPDATE CURRENT_TIMESTAMP,
  `codigo_pago_factura` int(11) NOT NULL AUTO_INCREMENT,
  PRIMARY KEY (`codigo_pago_factura`),
  UNIQUE KEY `codigo_factura_2` (`codigo_factura`),
  UNIQUE KEY `codigo_factura_3` (`codigo_factura`),
  KEY `codigo_factura` (`codigo_factura`)
) ENGINE=InnoDB  DEFAULT CHARSET=latin1 AUTO_INCREMENT=2 ;

--
-- Volcado de datos para la tabla `pago_factura`
--

INSERT INTO `pago_factura` (`codigo_factura`, `fecha_pago_pago`, `codigo_pago_factura`) VALUES
(7, '2016-03-13 16:03:38', 1);

-- --------------------------------------------------------

--
-- Estructura de tabla para la tabla `pago_financiacion`
--

CREATE TABLE IF NOT EXISTS `pago_financiacion` (
  `codigo_pago_financiacion` int(11) NOT NULL AUTO_INCREMENT,
  `codigo_financiacion` int(11) NOT NULL,
  `fecha_pago` timestamp NOT NULL DEFAULT CURRENT_TIMESTAMP ON UPDATE CURRENT_TIMESTAMP,
  `tipopago` varchar(20) NOT NULL,
  `valor` float NOT NULL,
  PRIMARY KEY (`codigo_pago_financiacion`),
  KEY `codigo_financiacion` (`codigo_financiacion`)
) ENGINE=InnoDB DEFAULT CHARSET=latin1 AUTO_INCREMENT=1 ;

-- --------------------------------------------------------

--
-- Estructura de tabla para la tabla `reconexion`
--

CREATE TABLE IF NOT EXISTS `reconexion` (
  `codigo_reconeccion` int(11) NOT NULL AUTO_INCREMENT,
  `codigo_factura` int(11) NOT NULL,
  `fecha_reconeccion` date DEFAULT NULL,
  `Estado` varchar(3) NOT NULL,
  `EstadoPago` varchar(2) NOT NULL DEFAULT 'NO',
  `Estadoservis` varchar(3) NOT NULL DEFAULT '1',
  `valor` int(11) NOT NULL,
  PRIMARY KEY (`codigo_reconeccion`)
) ENGINE=InnoDB DEFAULT CHARSET=latin1 AUTO_INCREMENT=1 ;

-- --------------------------------------------------------

--
-- Estructura de tabla para la tabla `servicio`
--

CREATE TABLE IF NOT EXISTS `servicio` (
  `idservicio` int(3) NOT NULL AUTO_INCREMENT,
  `CodServicio` int(2) NOT NULL,
  `nombre` varchar(80) COLLATE utf8_spanish_ci NOT NULL,
  `valor` int(11) DEFAULT NULL,
  PRIMARY KEY (`idservicio`)
) ENGINE=InnoDB  DEFAULT CHARSET=utf8 COLLATE=utf8_spanish_ci AUTO_INCREMENT=23 ;

--
-- Volcado de datos para la tabla `servicio`
--

INSERT INTO `servicio` (`idservicio`, `CodServicio`, `nombre`, `valor`) VALUES
(1, 2, 'Acueducto Pesebrera, Galpones, Marraneras, Piscinas publicas, Industria', 50000),
(2, 2, 'Acueducto Casas Campretre con Piscinas, Comercial, Restaurantes, Lote ', 25000),
(3, 2, 'Acueducto Casa Residenciales', 10000),
(4, 2, 'Acueducto Puntos sin Uso', 2000),
(5, 3, 'Iva  Acueducto Pesebrera, Galpones, Marraneras, Piscinas publicas, Industria', 0),
(6, 3, 'Iva  Acueducto Casas Campretre con Piscinas, Comercial, Restaurantes, Lote ', 0),
(7, 3, 'Iva  Acueducto Casa Residenciales', 0),
(8, 3, 'Iva  Acueducto Puntos sin Uso', 0),
(9, 4, 'Reconexion Acueducto Pesebrera, Galpones, Marraneras, Piscinas publicas, Industr', 0),
(10, 4, 'Reconexion Acueducto Casas Campretre con Piscinas, Comercial, Restaurantes, Lote', 0),
(11, 4, 'Reconexion Acueducto Casa Residenciales', 0),
(12, 4, 'Reconexion Acueducto Puntos sin Uso', 0),
(13, 1, 'Alcantarillado Pesebrera, galpones, marraneras, piscinas publicas, Industria', 0),
(14, 1, 'Alcantarillado Casas Campretre con Piscinas, Comercial, Restaurantes ', 0),
(15, 1, 'Alcantarillado Casa Residenciales', 0),
(16, 1, 'Alcantarillado Puntos sin Uso', 0),
(17, 3, 'Iva Alcantarillado Pesebrera, galpones, marraneras, piscinas publicas, Industria', 0),
(18, 3, 'Iva Alcantarillado Casas Campretre con Piscinas, Comercial, Restaurantes ', 0),
(19, 3, 'Iva Alcantarillado Casa Residenciales', 0),
(20, 3, 'Iva Alcantarillado Puntos sin Uso', 0),
(21, 5, 'Iva Financiacion', 0),
(22, 5, 'Iva Deudores', 0);

-- --------------------------------------------------------

--
-- Estructura de tabla para la tabla `usuarios`
--

CREATE TABLE IF NOT EXISTS `usuarios` (
  `idusuario` int(11) NOT NULL AUTO_INCREMENT,
  `nombre` varchar(50) NOT NULL,
  `apellidos` varchar(50) NOT NULL,
  `idetificacion` int(11) NOT NULL,
  `usuario` varchar(50) NOT NULL,
  `contrasena` varchar(50) NOT NULL,
  `estado` varchar(1) NOT NULL DEFAULT 'A',
  PRIMARY KEY (`idusuario`),
  UNIQUE KEY `usuario` (`usuario`),
  UNIQUE KEY `idetificacion` (`idetificacion`)
) ENGINE=InnoDB  DEFAULT CHARSET=latin1 AUTO_INCREMENT=2 ;

--
-- Volcado de datos para la tabla `usuarios`
--

INSERT INTO `usuarios` (`idusuario`, `nombre`, `apellidos`, `idetificacion`, `usuario`, `contrasena`, `estado`) VALUES
(1, 'Administrador', 'Agua-Florida', 123, 'Admin-Florida', 'aa962bb46e5fcc527bb3517bdf4d50a5', 'A');

/*!40101 SET CHARACTER_SET_CLIENT=@OLD_CHARACTER_SET_CLIENT */;
/*!40101 SET CHARACTER_SET_RESULTS=@OLD_CHARACTER_SET_RESULTS */;
/*!40101 SET COLLATION_CONNECTION=@OLD_COLLATION_CONNECTION */;
